Area,2000,2001,2002,2003,2004,2005,2006,2007,2008,2009,2010,2011,2012,2013,2014,2015,2016,2017,2018,2019,2020,2021,2022,2023
Afghanistan,13811527.0,12736639.0,17921406.0,19173733.0,17323351.0,21530410.0,19772050.0,22458549.0,18610014.0,24485286.0,22941773.0,19848577.0,24176467.0,24578334.0,27572888.0,25257854.0,27220806.0,25148222.0,23062271.0,27993817.0,29862680.0,28612569.0,28084484.0,28718466.0
Africa,1181513910.0,1215353202.0,1264937143.0,1327707358.0,1368727472.0,1428876229.0,1485758384.0,1457255097.0,1518234510.0,1546321104.0,1667890868.0,1689603004.0,1762228334.0,1830816612.0,1908533924.0,1925985353.0,1947489814.0,2033771853.0,2126038943.0,2133518940.0,2205511446.0,2250538042.0,2294207898.0,2252379239.0
Albania,5435581.0,5519840.0,5613244.0,5716665.0,5855444.0,5972510.0,6152443.0,6023784.0,6471557.0,6668160.0,7290033.0,7629637.0,7841550.0,7893943.0,7973569.0,8224301.0,8546697.0,8643266.0,8612554.0,8652024.0,8652502.0,8680574.0,8741522.0,8245940.0
Algeria,17650570.0,21618827.0,21566679.0,28993511.0,30720471.0,31304504.0,33231687.0,30426134.0,28899827.0,40466483.0,41944859.0,45960468.0,50047238.0,54160266.0,52436346.0,54944522.0,55553918.0,55864523.0,62072703.0,63999458.0,62741106.0,56867841.0,61164631.0,62657889.0
Americas,4010754908.0,4029719182.0,4037960081.0,4299056039.0,4509881315.0,4466936581.0,4576666248.0,4946534378.0,5192856764.0,5233034759.0,5363066495.0,5431311415.0,5398695882.0,5835704474.0,5856125060.0,5939113138.0,6133386673.0,6111189830.0,6031351082.0,6077698641.0,6182815573.0,6089088824.0,6072003068.0,6017158011.0
Angola,14824466.0,17743927.0,20848248.0,22544048.0,26218998.0,27798635.0,28593605.0,32310178.0,33880628.0,43062270.0,45994127.0,49319980.0,39026920.0,55867633.0,41728781.0,43461057.0,45370973.0,46040558.0,47757449.0,48718969.0,51530467.0,52778244.0,55640977.0,57444631.0
Antigua and Barbuda,40390.0,40765.0,40995.0,42953.0,44142.0,38388.0,40172.0,40330.0,41694.0,41379.0,36147.0,36673.0,36015.0,36307.0,36365.0,36257.0,35480.0,32624.0,30108.0,28861.0,28565.0,28429.0,29821.0,26879.0
Argentina,242678776.0,249430108.0,249411141.0,259102929.0,258072804.0,300320791.0,292816609.0,320346677.0,333049407.0,260374139.0,313875793.0,341771044.0,313505276.0,345053276.0,347806710.0,374692125.0,374853835.0,400108099.0,358389961.0,420384882.0,407483689.0,410258836.0,412126946.0,297299984.0
Armenia,3485726.0,4035008.0,4251363.0,4646169.0,5430435.0,5960724.0,5913287.0,6820736.0,6913599.0,6722144.0,5683181.0,6573016.0,7203030.0,7655267.0,8188086.0,8563431.0,7896051.0,7245198.0,6102008.0,5676362.0,5894950.0,5664633.0,5736825.0,5604234.0
Asia,6654678619.0,6764019217.0,6928735147.0,7104994248.0,7195390278.0,7403572373.0,7709329928.0,8174025690.0,8448686275.0,8362683844.0,8618157686.0,9168470761.0,9439325952.0,9643081204.0,9797158766.0,9934203917.0,9972956125.0,10192192787.0,10508129238.0,10680799886.0,10688566154.0,10990971216.0,11275623971.0,11149017589.0
Australia,225176042.0,203085579.0,216714751.0,180553393.0,230756513.0,221276106.0,228059524.0,175671587.0,185825528.0,202154868.0,200852527.0,205237606.0,218859244.0,207956537.0,219039402.0,218180144.0,219921696.0,259953781.0,218985073.0,196448007.0,183335855.0,247530610.0,258660763.0,266878674.0
Australia and New Zealand,269354755.0,249637389.0,265332988.0,230304303.0,282632885.0,272140303.0,280170379.0,229372025.0,239279121.0,258365274.0,258180007.0,263177774.0,282013840.0,272021984.0,289140124.0,289667117.0,289932939.0,328660865.0,289624639.0,267387320.0,254732290.0,317918389.0,326830587.0,322825929.0
Austria,31790816.0,32991799.0,33388634.0,30801147.0,34239671.0,33480356.0,31566879.0,32701716.0,36115183.0,34763933.0,33448653.0,37146406.0,33790174.0,34138201.0,38935681.0,33711666.0,37411622.0,35064616.0,33192945.0,33624289.0,34931890.0,35746517.0,35017609.0,29595266.0
Azerbaijan,10581773.0,12337367.0,13412154.0,13856737.0,14267548.0,15510783.0,15816802.0,16050934.0,16989585.0,18036652.0,16715470.0,18025899.0,18922892.0,19621981.0,18214431.0,19627270.0,20494267.0,21174919.0,22087983.0,23682376.0,23593373.0,24127082.0,24088952.0,22933492.0
Bahamas,266178.0,294476.0,256518.0,257402.0,270198.0,264395.0,287559.0,304224.0,302749.0,287788.0,341783.0,346323.0,345755.0,349110.0,361690.0,367470.0,367343.0,366931.0,365316.0,367798.0,368036.0,367462.0,368113.0,353994.0
Bahrain,155275.0,144102.0,148984.0,138817.0,122762.0,142754.0,145775.0,157688.0,162497.0,168020.0,183773.0,182290.0,183112.0,183039.0,188222.0,203046.0,219589.0,236152.0,232863.0,247956.0,240239.0,222369.0,231720.0,231510.0
Bangladesh,116808362.0,114178708.0,116130746.0,119533221.0,116476613.0,129128035.0,131417109.0,138486508.0,149809826.0,148570218.0,157852675.0,163716025.0,165223980.0,172720379.0,179436244.0,184354689.0,183492824.0,199432924.0,199008351.0,199840296.0,206201563.0,214325715.0,220090311.0,225576447.0
Barbados,1290439.0,1029303.0,1010774.0,909554.0,894106.0,1068542.0,869337.0,889848.0,791465.0,888973.0,682382.0,730549.0,678874.0,496469.0,469060.0,379773.0,309289.0,406091.0,450493.0,319268.0,312017.0,312783.0,337722.0,260729.0
Belarus,47132417.0,47175587.0,47223019.0,50618004.0,60698543.0,57622165.0,60576933.0,63127449.0,69957571.0,67398754.0,65420486.0,66303791.0,70011688.0,63409848.0,68218448.0,62586249.0,62546368.0,66146345.0,61305372.0,64826503.0,66302630.0,61407335.0,65014280.0,58954802.0
Belgium,48503453.0,45169907.0,48552255.0,47795531.0,49488317.0,47315009.0,45564694.0,47404152.0,44167408.0,47201004.0,46334955.0,49179151.0,46756449.0,47869745.0,51118802.0,48976113.0,46085889.0,53675519.0,48183063.0,51660042.0,50172955.0,49648090.0,50057314.0,42085484.0
Belize,3596196.0,3432619.0,3492013.0,3364953.0,3702364.0,3418502.0,3756720.0,3806592.0,3367263.0,3260165.0,3561475.0,2963326.0,3682926.0,3514613.0,3794198.0,3723467.0,4125933.0,4617420.0,4551009.0,4685571.0,4203448.0,4917002.0,4758527.0,3709457.0
Benin,13673362.0,14318157.0,16763409.0,16083904.0,16728137.0,15971023.0,14523506.0,14122262.0,17877010.0,19502949.0,19227813.0,20518432.0,21583271.0,23272716.0,24366379.0,21563181.0,24238604.0,25466891.0,26073809.0,28337966.0,27129603.0,28168321.0,28311811.0,29289655.0
Bhutan,505933.0,538956.0,519948.0,572543.0,701265.0,954871.0,982591.0,975204.0,846937.0,762754.0,784363.0,985209.0,874922.0,887203.0,874040.0,828393.0,995915.0,1025665.0,812359.0,987110.0,1015709.0,682315.0,604697.0,551107.0
Bolivia (Plurinational State of),21047194.0,21746713.0,24019106.0,25025141.0,25745538.0,26189770.0,28857553.0,29371843.0,30954984.0,35009296.0,31547973.0,32557724.0,36744931.0,39113591.0,38492246.0,39305882.0,39470960.0,40603218.0,45591729.0,45127874.0,45775632.0,48746504.0,46019449.0,47398621.0
Bosnia and Herzegovina,5371116.0,6068119.0,6531758.0,5448209.0,7531243.0,7386260.0,7449428.0,6889051.0,7826142.0,7950884.0,7112974.0,7146319.0,6302924.0,7491259.0,6512847.0,7206363.0,8592921.0,7096479.0,8800588.0,8367188.0,9231274.0,7508014.0,8173088.0,7321750.0
Botswana,644684.0,693320.0,688197.0,676322.0,692942.0,725031.0,740749.0,733849.0,769859.0,812286.0,940665.0,1015608.0,930975.0,897388.0,1003598.0,1058643.0,1059143.0,1020110.0,1202467.0,1130615.0,1350348.0,1318071.0,1484396.0,981921.0
Brazil,1127231433.0,1196107724.0,1255016279.0,1373380945.0,1423567738.0,1432551953.0,1564190119.0,1750237128.0,1977750035.0,2039871463.0,2146724064.0,2214795389.0,2186108680.0,2330815959.0,2285843721.0,2342663127.0,2330435806.0,2414722513.0,2362833561.0,2416380046.0,2464797107.0,2374427586.0,2424148512.0,2558663305.0
Brunei Darussalam,101464.0,109071.0,122632.0,129422.0,126407.0,112750.0,114958.0,117830.0,119358.0,120967.0,126535.0,136267.0,138628.0,146944.0,142246.0,141424.0,151465.0,148922.0,151068.0,147670.0,156872.0,174377.0,167880.0,160311.0
Bulgaria,20837953.0,21986139.0,24131875.0,18845458.0,26408934.0,21096161.0,21763906.0,16490507.0,24403838.0,22210504.0,25198817.0,25583383.0,23501131.0,29674327.0,30145131.0,28024293.0,29283027.0,31208016.0,29583209.0,31090678.0,25126586.0,31679024.0,27872217.0,26415960.0
Burkina Faso,9741539.0,12954587.0,13148294.0,14569893.0,13421066.0,15991313.0,16383860.0,14147432.0,18786885.0,16953001.0,19964729.0,17940224.0,21337315.0,22527663.0,22537287.0,22059186.0,23264275.0,21903717.0,24178167.0,25623843.0,26194243.0,24106535.0,26581016.0,25683981.0
Burundi,8194831.0,8788922.0,9219355.0,9292762.0,9150225.0,9027162.0,9073932.0,9291507.0,9586632.0,9998178.0,10326202.0,10168263.0,9703072.0,14529540.0,12575459.0,12636905.0,12958808.0,12156728.0,14464119.0,15303160.0,16031847.0,17952698.0,18197870.0,16989251.0
Cabo Verde,297944.0,287556.0,259099.0,270980.0,268561.0,258996.0,264410.0,274770.0,264609.0,257170.0,261543.0,287467.0,299882.0,309128.0,282118.0,279881.0,270562.0,244212.0,206852.0,199125.0,198911.0,202468.0,196557.0,182218.0
Cambodia,11911602.0,12092936.0,11583634.0,14205026.0,13197262.0,17387311.0,21378557.0,22971801.0,27255479.0,28489363.0,31237587.0,39980516.0,41064344.0,42468358.0,50934692.0,52031419.0,55454694.0,57614535.0,58734365.0,57989575.0,59011241.0,61727216.0,61383243.0,63414812.0
Cameroon,23997449.0,24575743.0,25554224.0,26347826.0,27092762.0,31733325.0,33205239.0,34815005.0,36127183.0,39639489.0,43107995.0,44109616.0,46525107.0,48001756.0,49824302.0,52010458.0,53378498.0,54131452.0,56436968.0,55771281.0,56165278.0,56455843.0,58327974.0,57750385.0
Canada,185777758.0,160959668.0,144290944.0,178056181.0,189126771.0,192324269.0,187700545.0,186412832.0,210319528.0,199914064.0,194615212.0,201026976.0,211677253.0,253382900.0,220856124.0,230607454.0,249940277.0,250642488.0,253283073.0,256187693.0,266446004.0,214052562.0,262808404.0,236267460.0
Caribbean,139789196.0,132768033.0,138704854.0,113769853.0,119456920.0,88148084.0,84947360.0,86377085.0,89298325.0,90102158.0,82977238.0,86225066.0,93256723.0,97723488.0,103496308.0,105211790.0,101720623.0,108869840.0,95413174.0,100985649.0,90625319.0,83639463.0,83994470.0,80941532.0
Central African Republic,4220247.0,4277304.0,4228308.0,4124003.0,4276203.0,4388872.0,4436065.0,4602768.0,4685048.0,4803719.0,7129119.0,7004769.0,7180932.0,5782818.0,6233155.0,6321564.0,7463029.0,7528064.0,7813023.0,8173170.0,7466526.0,7657542.0,7800348.0,7793311.0
Central America,379666514.0,400019132.0,393617607.0,414774157.0,431322348.0,427825231.0,443403329.0,462932730.0,467309139.0,457832757.0,466511014.0,455827859.0,491499793.0,527269937.0,542507233.0,540988864.0,564743210.0,561376186.0,569389864.0,577189611.0,564517112.0,566480474.0,574383088.0,539760134.0
Central Asia,106599521.0,121143211.0,127438792.0,131525974.0,132106052.0,140139003.0,150006693.0,157525016.0,151014551.0,169936208.0,158783261.0,193446209.0,170746864.0,191115336.0,194697216.0,206904525.0,221040973.0,219588813.0,219031269.0,211242094.0,219995199.0,214587408.0,234228049.0,215084771.0
Chad,7083220.0,8446514.0,7999414.0,8891555.0,7540817.0,10419398.0,10024118.0,9900424.0,9835731.0,9235543.0,14261928.0,10606055.0,15662621.0,13675944.0,13928054.0,13245946.0,15364118.0,14483237.0,15357510.0,15472865.0,15569394.0,15311788.0,15953197.0,15287381.0
Chile,36020868.0,39409030.0,40740978.0,39014905.0,40642976.0,42573052.0,42626951.0,38335523.0,39097120.0,38291089.0,41014732.0,44985038.0,44113789.0,44990453.0,42281019.0,44255499.0,43518100.0,43406678.0,47162495.0,43794654.0,42274977.0,41660485.0,40484722.0,36299515.0
China,2639190434.0,2699688128.0,2829137402.0,2799551757.0,2948541515.0,3031058193.0,3110310152.0,3207501870.0,3390584964.0,3408781937.0,3499611693.0,3646616191.0,3759498227.0,3827427083.0,3870918952.0,3998736179.0,3976984780.0,4028347902.0,4065792694.0,4114355656.0,4155765873.0,4237664713.0,4290318530.0,4255755833.0
"China, Hong Kong SAR",778967.0,768483.0,717540.0,702192.0,639462.0,654446.0,625043.0,588466.0,526617.0,580387.0,574789.0,545387.0,552540.0,554423.0,534033.0,536300.0,524246.0,537590.0,535366.0,547205.0,534714.0,497994.0,528714.0,457491.0
"China, Macao SAR",42184.0,42016.0,39872.0,38303.0,37705.0,37960.0,38408.0,40039.0,31456.0,31092.0,30785.0,32684.0,33227.0,33314.0,32736.0,30964.0,29210.0,28652.0,27290.0,24955.0,25183.0,24920.0,24703.0,24113.0
"China, Taiwan Province of",29547434.0,27354984.0,28136241.0,26677326.0,24585192.0,22327920.0,23506738.0,22305001.0,22183833.0,22303106.0,22802661.0,23928879.0,22909975.0,22578923.0,23459987.0,22819133.0,22362296.0,23697409.0,24551142.0,23404289.0,23751527.0,23066546.0,22520731.0,20918418.0
"China, mainland",2608821849.0,2671522645.0,2800243748.0,2772133936.0,2923279156.0,3008037867.0,3086139963.0,3184568364.0,3367843059.0,3385867352.0,3476203457.0,3622109242.0,3736002485.0,3804260423.0,3846892197.0,3975349782.0,3954069028.0,4004084251.0,4040678897.0,4090379207.0,4131454448.0,4214075253.0,4267244383.0,4234355811.0
Colombia,129156335.0,129541977.0,138636079.0,145473195.0,149389823.0,147434000.0,144635322.0,143222428.0,139120501.0,144913133.0,134875655.0,141119592.0,141635186.0,148968615.0,155553566.0,154928296.0,154465454.0,131761930.0,154285611.0,157435188.0,160309241.0,159192532.0,164193892.0,151000188.0
Comoros,446681.0,455977.0,361045.0,363546.0,408772.0,447045.0,494595.0,513032.0,532725.0,551543.0,566145.0,575677.0,581936.0,586946.0,576543.0,587571.0,601364.0,612193.0,623356.0,632497.0,639104.0,650554.0,652843.0,645934.0
Congo,3637237.0,3702691.0,3748432.0,4086263.0,4269951.0,4444524.0,4528208.0,4666082.0,4874623.0,5127533.0,5077446.0,5188595.0,5525931.0,5692826.0,6082044.0,6093522.0,6017170.0,6221969.0,6320676.0,6299177.0,6368226.0,6480482.0,6491060.0,6068767.0
Cook Islands,27144.0,25161.0,23372.0,17179.0,14326.0,14745.0,15382.0,14763.0,14173.0,13065.0,12601.0,12163.0,11803.0,11963.0,11456.0,11120.0,11088.0,10660.0,10626.0,10278.0,10259.0,10176.0,10214.0,10115.0
Costa Rica,20725978.0,21395549.0,20243468.0,22206110.0,22259578.0,22686701.0,26128786.0,25513299.0,24191474.0,24050226.0,25231967.0,25512768.0,27450284.0,29072113.0,29220005.0,27779078.0,29399566.0,30211712.0,29913206.0,27666634.0,28825750.0,28809431.0,27928952.0,25991558.0
Croatia,11171022.0,13752470.0,15194609.0,10845191.0,14486315.0,15043537.0,16116795.0,15180243.0,17814166.0,16950497.0,15815560.0,15525367.0,13958393.0,15943840.0,15994031.0,14610520.0,17495974.0,14886832.0,14707006.0,14797242.0,15941317.0,14523248.0,12614066.0,10890370.0
Cuba,95598647.0,87790450.0,92920207.0,69836836.0,73945209.0,45057138.0,39756636.0,42673932.0,49627231.0,48705004.0,40381377.0,41449472.0,47744977.0,50933269.0,53894032.0,57591971.0,55865026.0,59279268.0,43583339.0,51545110.0,41810144.0,33544245.0,30825723.0,28448243.0
Cyprus,2126012.0,2249310.0,2349800.0,2352881.0,2329481.0,2121803.0,1982618.0,1940266.0,1702220.0,1722046.0,1744078.0,1915965.0,1781756.0,1678924.0,1650447.0,1814296.0,1696362.0,1743824.0,1674176.0,1757445.0,1794814.0,1875407.0,1809749.0,1647023.0
Czechia,38490558.0,41124525.0,38922567.0,34844964.0,42712316.0,40143741.0,36289240.0,38134545.0,39755113.0,38808907.0,35951017.0,41120285.0,37255600.0,39466169.0,44060195.0,40406410.0,43597304.0,41496764.0,37900499.0,38702105.0,39554109.0,40812905.0,40707676.0,34867840.0
Côte d'Ivoire,31726202.0,31517717.0,32092014.0,31289043.0,32225924.0,33329974.0,34477600.0,34319951.0,35959262.0,34087289.0,36174837.0,36875478.0,39463351.0,40902280.0,46512280.0,50814172.0,49736450.0,53462775.0,55103180.0,57142924.0,58674133.0,59846994.0,61855374.0,62162228.0
Democratic People's Republic of Korea,23259942.0,26170107.0,26381073.0,27012996.0,27363448.0,27807840.0,27549321.0,25438793.0,26529761.0,26443471.0,26404194.0,26574700.0,27251217.0,27963057.0,27471243.0,26332474.0,25536862.0,24345144.0,23596522.0,26917140.0,24694968.0,24793000.0,24337865.0,23646897.0
Democratic Republic of the Congo,49904911.0,48573195.0,47598070.0,47771555.0,47946464.0,48109019.0,48258265.0,48885788.0,49432195.0,51275194.0,89503309.0,92816674.0,94706060.0,99204868.0,104009655.0,104501066.0,108132024.0,110352305.0,113237134.0,116219547.0,122997614.0,122811973.0,125441377.0,127694630.0
Denmark,48684914.0,47791358.0,47487469.0,47118842.0,47149687.0,47233206.0,44708000.0,44361048.0,46090320.0,47400661.0,45848699.0,46970720.0,48477918.0,47231772.0,49199323.0,47993944.0,47990587.0,50954894.0,42881696.0,49787169.0,51018765.0,51595726.0,53109922.0,40647272.0
Djibouti,128790.0,131818.0,133854.0,131862.0,126077.0,132213.0,118155.0,135610.0,139982.0,142757.0,144820.0,147936.0,159812.0,154190.0,154002.0,156073.0,154449.0,166352.0,173597.0,181480.0,186390.0,179180.0,174245.0,180421.0
Dominica,282603.0,254774.0,253437.0,234619.0,242255.0,236451.0,248257.0,240906.0,269666.0,292858.0,255256.0,274503.0,281505.0,293157.0,290438.0,292218.0,292143.0,292017.0,293791.0,294872.0,294086.0,294703.0,296577.0,296608.0
Dominican Republic,18434353.0,20183658.0,21060377.0,20943229.0,21256983.0,20628664.0,21561927.0,22027531.0,20836537.0,21891431.0,22584069.0,23927892.0,24720866.0,25532383.0,27209977.0,26522389.0,26280159.0,30046626.0,32567045.0,31580380.0,32115147.0,32992688.0,35910294.0,36360307.0
Eastern Africa,291075597.0,310681317.0,314726170.0,322279864.0,343098236.0,349897847.0,370523357.0,367648331.0,353817703.0,383796646.0,415624788.0,425862178.0,457673784.0,475539355.0,487754880.0,486685271.0,481466847.0,503988513.0,536082063.0,548370697.0,580646595.0,585175591.0,593686549.0,582676003.0
Eastern Asia,2849267182.0,2911674689.0,3036673930.0,3001811667.0,3155156858.0,3237008405.0,3312227043.0,3409232404.0,3595718243.0,3610693634.0,3692644376.0,3839663614.0,3954492858.0,4025653680.0,4072547874.0,4196093248.0,4171203472.0,4221607982.0,4258387510.0,4310954947.0,4348810336.0,4432264728.0,4482215680.0,4432530284.0
Eastern Europe,949289252.0,1059076795.0,1040933836.0,977930572.0,1134974915.0,1084592254.0,1096675857.0,1052438487.0,1216844078.0,1157805979.0,1027798683.0,1286039554.0,1172961053.0,1267404322.0,1347667826.0,1285394825.0,1387075860.0,1435571353.0,1390737430.0,1437624673.0,1368900402.0,1447184737.0,1419481450.0,1364474653.0
Ecuador,37931530.0,41109405.0,38783407.0,41603270.0,43802716.0,44590833.0,45397884.0,49064169.0,52413329.0,53268746.0,55148953.0,53094413.0,51632238.0,49118805.0,55637389.0,61338196.0,54077678.0,55627000.0,50940979.0,55420726.0,57816008.0,60647403.0,52865996.0,49683474.0
Egypt,147805971.0,145187422.0,153370182.0,157899820.0,160617671.0,169592100.0,175834379.0,181776925.0,186705804.0,186575816.0,182510466.0,188816682.0,199691432.0,197329457.0,205290225.0,208128410.0,200667200.0,202836560.0,192512357.0,204764405.0,209502048.0,220286099.0,221785160.0,215768660.0
El Salvador,15391439.0,14887232.0,14160374.0,14129659.0,15856113.0,14587149.0,15695102.0,15904043.0,17126191.0,17868736.0,16026669.0,17441802.0,19503333.0,20589425.0,19735474.0,19147400.0,20795143.0,20706388.0,20507896.0,21427569.0,20970146.0,21603890.0,20801403.0,19650090.0
Equatorial Guinea,394283.0,409664.0,424014.0,440518.0,457102.0,476992.0,494945.0,515618.0,532672.0,546511.0,563377.0,580522.0,595888.0,599154.0,605783.0,644803.0,653494.0,667921.0,677571.0,690338.0,685857.0,688674.0,689997.0,648716.0
Eritrea,968933.0,1192503.0,837596.0,970466.0,1014416.0,1555340.0,1586168.0,1757390.0,955171.0,1235508.0,1258760.0,1429631.0,1427432.0,1410649.0,1427714.0,1393604.0,1413701.0,1448949.0,1445886.0,1451854.0,1453028.0,1462843.0,1465527.0,1402837.0
Estonia,4380439.0,3943203.0,3556254.0,3624961.0,3799128.0,4269028.0,3880742.0,4639187.0,4369292.0,4472502.0,4178170.0,4463084.0,4818770.0,4986992.0,5557437.0,6367732.0,4920760.0,5693339.0,4599040.0,6288246.0,6441860.0,5624057.0,6171202.0,4936973.0
Eswatini,9442498.0,9595188.0,10770644.0,10880588.0,11243392.0,12064860.0,11559521.0,11508071.0,11582856.0,11596699.0,11938649.0,12335062.0,12553248.0,12779178.0,12830272.0,12912151.0,12859982.0,13137235.0,13386097.0,13427992.0,13431877.0,12496441.0,13009245.0,12155022.0
Ethiopia,34006890.0,38052043.0,40222253.0,42211857.0,44608244.0,50611187.0,51292211.0,52747649.0,52889586.0,58861838.0,66962168.0,67954389.0,73680673.0,80381997.0,86777828.0,88474141.0,90894689.0,95617573.0,94564246.0,99260710.0,104278405.0,97956947.0,100331663.0,99668102.0
Europe,2636431449.0,2676095740.0,2719804841.0,2549522037.0,2850929328.0,2734633523.0,2673978278.0,2637252197.0,2859091056.0,2812466696.0,2633674000.0,2951163051.0,2775552033.0,2909363504.0,3088378009.0,2978161641.0,3056598398.0,3172201005.0,3047058621.0,3148645187.0,3044783393.0,3155166918.0,3064523233.0,2811280571.0
European Union (27),1830264594.0,1801164537.0,1829010678.0,1703979861.0,1915548223.0,1810517914.0,1719031568.0,1717767325.0,1795555150.0,1802269637.0,1739717899.0,1823496730.0,1750837485.0,1810521426.0,1926905652.0,1847923557.0,1865225277.0,1946150692.0,1860385067.0,1899418622.0,1868659795.0,1924105813.0,1822813296.0,1634872253.0
Faroe Islands,5054.0,5041.0,5020.0,5000.0,4976.0,4934.0,4892.0,4877.0,4918.0,4925.0,4899.0,5043.0,5130.0,5405.0,20056.0,20206.0,21170.0,20353.0,20034.0,20428.0,20420.0,20859.0,19894.0,20365.0
Fiji,8405245.0,7271139.0,7647762.0,6719380.0,7185519.0,6977250.0,7740079.0,6291435.0,5932831.0,5275815.0,4299065.0,5150338.0,3830826.0,4263994.0,4719022.0,4669829.0,3615318.0,4173663.0,4329694.0,4566563.0,4402603.0,3812044.0,4412940.0,4087040.0
Finland,20989119.0,20376111.0,20997779.0,19853717.0,19858615.0,21287284.0,19862708.0,20016811.0,19531514.0,20149998.0,17541012.0,19060773.0,17865631.0,19286037.0,19379819.0,18279734.0,18252622.0,17854394.0,16325493.0,19141314.0,17835725.0,15894449.0,17642649.0,14259194.0
France,356662544.0,331688532.0,368702034.0,324721290.0,365662730.0,350718363.0,336800775.0,338898031.0,356667885.0,368940843.0,351232304.0,367450457.0,357330693.0,355263565.0,384606594.0,376767218.0,341996111.0,397250203.0,358660480.0,369386566.0,321134296.0,355718780.0,335271041.0,309571963.0
French Guiana,175473.0,196329.0,176764.0,184919.0,191086.0,187252.0,195968.0,0.0,0.0,0.0,0.0,0.0,0.0,0.0,0.0,0.0,0.0,0.0,0.0,0.0,0.0,0.0,0.0,0.0
French Polynesia,182652.0,179200.0,197325.0,196743.0,192569.0,210577.0,209391.0,210839.0,204497.0,190861.0,194983.0,199514.0,200400.0,193210.0,194406.0,194814.0,199163.0,201540.0,199549.0,197763.0,198665.0,197114.0,192649.0,167696.0
Gabon,2417391.0,2401371.0,2437317.0,2383236.0,2374965.0,2445812.0,2488740.0,2567548.0,2685631.0,2774395.0,2909595.0,3091251.0,3143421.0,3289000.0,3372005.0,3375384.0,3400859.0,3439192.0,3488038.0,3533760.0,3655683.0,3901471.0,4103371.0,3783768.0
Gambia,862405.0,939376.0,661893.0,855064.0,971541.0,886430.0,925771.0,712757.0,959563.0,1142312.0,1274599.0,837112.0,973272.0,942034.0,821014.0,954704.0,791243.0,655917.0,523458.0,526117.0,547789.0,561425.0,576781.0,600400.0
Georgia,5159484.0,6153558.0,5947268.0,6728146.0,6140928.0,6962701.0,3920737.0,4827944.0,4377523.0,4106790.0,3613798.0,4297228.0,4159843.0,4997634.0,4337483.0,4131006.0,4279230.0,3689828.0,4405066.0,4426817.0,4744076.0,4787282.0,4514176.0,4174510.0
Germany,311378773.0,308313116.0,296741764.0,279108014.0,320376273.0,303128847.0,284737378.0,294941699.0,309340457.0,319649420.0,302643791.0,315078830.0,321268944.0,313701382.0,347860065.0,321565068.0,323779439.0,339403423.0,296200442.0,315492842.0,315487049.0,286595415.0,277901565.0,240862557.0
Ghana,40090299.0,42565681.0,47377028.0,48726251.0,48331818.0,49288390.0,50492108.0,51038061.0,57127404.0,62889371.0,66191573.0,68884240.0,71231161.0,75242239.0,79863052.0,79494094.0,81212420.0,86335047.0,92267022.0,99098017.0,103577053.0,108554218.0,111262903.0,113000289.0
Greece,50744220.0,50037668.0,49359690.0,46035878.0,46969879.0,48321447.0,44450753.0,41152568.0,43106514.0,44294227.0,42308658.0,41497936.0,41154265.0,40354821.0,37713127.0,38999878.0,36756360.0,36531010.0,34067173.0,33951233.0,34421965.0,33781842.0,30192414.0,24907660.0
Grenada,89528.0,88709.0,90208.0,87478.0,85567.0,75385.0,84035.0,83621.0,84110.0,82968.0,92001.0,97083.0,98108.0,101147.0,114827.0,129333.0,126760.0,113612.0,115761.0,107314.0,96801.0,103328.0,97900.0,92946.0
Guadeloupe,1998055.0,1656051.0,1968321.0,1799199.0,2254922.0,2224118.0,1948369.0,0.0,0.0,0.0,0.0,0.0,0.0,0.0,0.0,0.0,0.0,0.0,0.0,0.0,0.0,0.0,0.0,0.0
Guatemala,46997888.0,49504435.0,52148453.0,52274368.0,58196349.0,55047233.0,55351889.0,63020536.0,63093440.0,67044257.0,68474604.0,66143185.0,75095409.0,81784974.0,95662026.0,99407060.0,99647687.0,85333507.0,89493819.0,93250140.0,90087993.0,87329242.0,88986237.0,84913008.0
Guinea,11945099.0,11896428.0,12339346.0,12828814.0,13328984.0,13819976.0,14226704.0,14780264.0,15075203.0,14928698.0,15906482.0,16432943.0,17271821.0,17907273.0,18461971.0,19133764.0,19887779.0,20739469.0,21641129.0,22952588.0,24483010.0,26459836.0,28483801.0,29987830.0
Guinea-Bissau,1250460.0,1255251.0,1243690.0,1242463.0,1311685.0,1416179.0,1467901.0,1414174.0,1576536.0,1536289.0,1677918.0,1595515.0,1717322.0,1691922.0,1617119.0,1735037.0,1751155.0,1775829.0,1842423.0,1972950.0,2036223.0,2118125.0,2148753.0,2127067.0
Guyana,7402538.0,8261884.0,9281061.0,8824495.0,9466068.0,7727996.0,7798681.0,8007388.0,7359524.0,7542475.0,7571755.0,8506043.0,7574369.0,7420116.0,8782519.0,9435515.0,7951920.0,7307276.0,6221969.0,6088319.0,6345860.0,6074888.0,5926293.0,5745785.0
Haiti,7354248.0,7488114.0,6800004.0,6900917.0,7903096.0,8276242.0,8303474.0,8966727.0,8714082.0,9797739.0,10701764.0,11037686.0,10912268.0,12009629.0,12567392.0,11719299.0,10919813.0,10772003.0,10469758.0,9833915.0,9197869.0,9553916.0,9403653.0,9113148.0
Honduras,15178558.0,15930255.0,16063111.0,20363140.0,20965481.0,21897120.0,22143029.0,23700985.0,23839684.0,25289727.0,20867463.0,21223360.0,22911840.0,23133176.0,22492037.0,22869199.0,24040461.0,24599967.0,25251552.0,24575724.0,23806844.0,22653589.0,24458511.0,22177740.0
Hungary,44256845.0,57373023.0,48101717.0,41063488.0,62950451.0,58687084.0,53463207.0,41936225.0,55436965.0,47954139.0,42493891.0,47277904.0,40603165.0,48272005.0,56255146.0,50673009.0,57660188.0,52829085.0,49695568.0,49865377.0,48989891.0,45942404.0,34093347.0,45493885.0
Iceland,381093.0,391937.0,409441.0,405254.0,429925.0,431284.0,453197.0,480791.0,485096.0,472880.0,476628.0,475049.0,492080.0,481208.0,517570.0,568503.0,593300.0,603302.0,594856.0,607834.0,597048.0,583531.0,586984.0,458191.0
India,1686828633.0,1713127846.0,1625484603.0,1711898345.0,1591330553.0,1660532201.0,1816180911.0,2074215528.0,2093339980.0,1931932684.0,2064571680.0,2255217607.0,2329810535.0,2353992575.0,2419833758.0,2408407413.0,2437096551.0,2451339324.0,2679287469.0,2768291143.0,2761931866.0,2924252634.0,3060311445.0,3132779397.0
Indonesia,336463151.0,347006212.0,364137497.0,386490241.0,413560021.0,437742366.0,460614874.0,457412883.0,485006380.0,505931143.0,535057500.0,539629521.0,586919079.0,595522608.0,604851648.0,624110010.0,617963260.0,679579967.0,698414400.0,711920468.0,720233099.0,771604473.0,776855071.0,701861750.0
Iran (Islamic Republic of),121977849.0,130301934.0,151503294.0,161389041.0,164750763.0,174389873.0,174474321.0,186516828.0,133911643.0,150401148.0,169089606.0,165920661.0,168117504.0,175485772.0,179959336.0,177219617.0,185062762.0,176240763.0,174173795.0,177952348.0,179185838.0,169435043.0,166408475.0,161115691.0
Iraq,16127152.0,19631093.0,24332335.0,19002155.0,19091337.0,20716566.0,20830951.0,19808211.0,15931825.0,16321455.0,20139958.0,21462657.0,22149546.0,27244804.0,26127478.0,13593648.0,14630746.0,14278070.0,12450171.0,24585344.0,30269403.0,22332413.0,17544904.0,18350998.0
Ireland,27966512.0,27862934.0,27012510.0,27563330.0,28976345.0,26351430.0,24026611.0,24011846.0,23949166.0,23131167.0,23860521.0,25563615.0,23997902.0,25648168.0,27048515.0,29104230.0,29750079.0,32293512.0,30816132.0,32469138.0,32413274.0,34245367.0,35128506.0,25475755.0
Israel,12861238.0,13044156.0,13384685.0,13210623.0,14097745.0,14126839.0,13766210.0,14360596.0,13766874.0,14154922.0,14055381.0,14423728.0,14957625.0,14908149.0,15260336.0,14729297.0,15069395.0,14816533.0,14637985.0,14665850.0,14790307.0,14816154.0,15143315.0,14259751.0
Italy,204479105.0,192758619.0,194241190.0,174389875.0,198771760.0,204952280.0,179488228.0,177122593.0,177517051.0,172135321.0,170572917.0,171410905.0,160193884.0,159184004.0,162988703.0,164551913.0,164393347.0,157916128.0,155644068.0,154956401.0,152874079.0,153905939.0,148372569.0,130988727.0
Jamaica,7188481.0,7721821.0,7152689.0,6917584.0,7211555.0,5756696.0,6706805.0,7106725.0,6308276.0,5825620.0,5652179.0,6075263.0,6015864.0,5819349.0,6547329.0,6146155.0,5438476.0,5410351.0,5292358.0,4721120.0,4223384.0,4287117.0,4475374.0,4050771.0
Japan,123107209.0,121383027.0,120678710.0,116521912.0,117500285.0,118021192.0,114186046.0,116991998.0,116738911.0,112890790.0,108161417.0,107392151.0,108826190.0,109769084.0,110055932.0,109975143.0,108207235.0,109025102.0,107064540.0,109015450.0,108049591.0,108886028.0,106985059.0,97432699.0
Jordan,3739069.0,3552247.0,4485071.0,4367621.0,4910325.0,5338286.0,5229193.0,5042896.0,5262862.0,5408372.0,6087764.0,6429323.0,6041519.0,6229234.0,6522194.0,7146985.0,7802058.0,6592521.0,6907629.0,6608371.0,6778035.0,7536173.0,7220808.0,7291841.0
Kazakhstan,42487380.0,53669091.0,55088586.0,54137273.0,50536909.0,54906983.0,60205098.0,68109190.0,58782752.0,71336629.0,54722598.0,86970817.0,59226172.0,72090833.0,71407240.0,75703143.0,81967359.0,84291964.0,86940186.0,72085764.0,78508690.0,71898569.0,85014980.0,71264584.0
Kenya,34373411.0,37753298.0,39500936.0,40034328.0,41666321.0,47701993.0,49744770.0,49625852.0,50884517.0,52819808.0,57267511.0,53824760.0,58658684.0,60649118.0,58044621.0,61030607.0,57911338.0,53043931.0,59236255.0,61076665.0,68831690.0,68359060.0,70399042.0,67102178.0
Kiribati,145810.0,146606.0,147968.0,151218.0,193059.0,192419.0,229081.0,235747.0,236970.0,239111.0,238601.0,239714.0,243465.0,248413.0,245574.0,246767.0,331134.0,328956.0,295121.0,256048.0,255546.0,254685.0,265261.0,268969.0
Kuwait,786289.0,763681.0,830336.0,952356.0,950483.0,1059920.0,1117105.0,1202313.0,1175999.0,1261016.0,1314118.0,1569394.0,1495533.0,1718174.0,1621209.0,1541246.0,1539311.0,1704619.0,1648606.0,1841013.0,1509612.0,1446506.0,1431316.0,1532098.0
Kyrgyzstan,11446599.0,12137068.0,11897496.0,13016540.0,13172795.0,11781863.0,12020627.0,12092317.0,12082580.0,12935164.0,12302935.0,12497758.0,12089688.0,13169271.0,12684021.0,14172882.0,15413402.0,15640672.0,16052843.0,16139755.0,15682787.0,14297026.0,15834206.0,15419038.0
Land Locked Developing Countries,444469850.0,486968245.0,505488041.0,530064869.0,539071649.0,563296552.0,587081497.0,610631216.0,602828507.0,642571352.0,673720628.0,717647954.0,731474670.0,796232782.0,823015962.0,842251296.0,881770396.0,905724916.0,931288368.0,935183349.0,981064684.0,972243628.0,989044248.0,978816732.0
Lao People's Democratic Republic,7932430.0,7853143.0,8859699.0,8768562.0,9103920.0,9746790.0,10241410.0,11471154.0,12587388.0,14196474.0,16286940.0,19487272.0,20488405.0,21860688.0,28159535.0,33379131.0,33893352.0,31052325.0,32190315.0,31225524.0,32598476.0,32759528.0,37531636.0,41477808.0
Latvia,6839182.0,6917055.0,7728557.0,7361637.0,7371040.0,8176480.0,7563684.0,8214519.0,7936759.0,7644376.0,7224690.0,7234775.0,8943584.0,8595657.0,9225936.0,11146727.0,10566035.0,10513764.0,6832318.0,10242291.0,10895859.0,9710313.0,10234233.0,8664608.0
Least Developed Countries,695037443.0,731747033.0,753990636.0,793668607.0,809009327.0,864632096.0,899822728.0,934792203.0,961924917.0,1015299270.0,1112103023.0,1139737730.0,1166485170.0,1231346927.0,1272105793.0,1275102922.0,1312803928.0,1344945805.0,1395657591.0,1411923121.0,1464285141.0,1477277497.0,1521816921.0,1511185116.0
Lebanon,6798145.0,5952415.0,6312016.0,6498507.0,7082644.0,6906320.0,6553896.0,6831373.0,7062530.0,6102411.0,5940672.0,6085527.0,6072894.0,6467497.0,6918261.0,7165901.0,7625357.0,7468055.0,7359175.0,7149189.0,7160534.0,7151536.0,7225092.0,6946321.0
Lesotho,970390.0,1214100.0,962180.0,888242.0,882418.0,936264.0,796732.0,852773.0,877710.0,822536.0,1052700.0,991114.0,983146.0,1015492.0,1048493.0,953432.0,830268.0,1209383.0,1097487.0,869444.0,836270.0,1001015.0,1034816.0,1035841.0
Liberia,2885290.0,2899746.0,2840556.0,2841396.0,2877746.0,2986545.0,3028777.0,3280976.0,3364009.0,3315600.0,3340792.0,3373704.0,3464682.0,3401770.0,3487744.0,3654155.0,3966699.0,3459418.0,3571562.0,3689745.0,3789027.0,3752173.0,3812077.0,3704046.0
Libya,4521001.0,4386054.0,4789520.0,4818817.0,4616043.0,4743780.0,4782918.0,4958987.0,4966687.0,5052312.0,5266471.0,5457197.0,5603043.0,5452670.0,5430029.0,5418883.0,5575193.0,5369500.0,5552156.0,5483876.0,5469344.0,5402900.0,5449629.0,5492083.0
Lithuania,17111125.0,14917862.0,16685771.0,16866799.0,16284321.0,16085931.0,12770067.0,16016247.0,16121054.0,17504076.0,14890375.0,16973026.0,20407588.0,19389707.0,21348891.0,22623206.0,21426143.0,21336117.0,17720851.0,20279948.0,22731162.0,19760228.0,20232755.0,19043296.0
Low Income Food Deficit Countries,652160400.0,694408303.0,716507285.0,752663762.0,771182741.0,808744453.0,837155632.0,848450099.0,850216747.0,902767911.0,991023496.0,1010677072.0,1062497079.0,1102022007.0,1132259607.0,1137496656.0,1168317786.0,1182065708.0,1239034273.0,1276155533.0,1328344117.0,1321963345.0,1360382618.0,1332920966.0
Luxembourg,1179463.0,1145891.0,1214136.0,1153535.0,1233277.0,1159171.0,1140692.0,1135058.0,1215668.0,1212776.0,1210641.0,1195927.0,1176631.0,1207922.0,1312335.0,1349665.0,1324475.0,1345739.0,1410893.0,1427974.0,1474659.0,1480858.0,1533870.0,1368338.0
Madagascar,21469719.0,21933025.0,21413292.0,21390618.0,22051290.0,26088177.0,26953909.0,27228567.0,27830063.0,30201412.0,30460245.0,30910176.0,32013491.0,29076649.0,29584833.0,28640739.0,28917271.0,28219797.0,28924387.0,29600669.0,29891991.0,30673267.0,31152900.0,31543871.0
Malawi,23018113.0,24638699.0,18701910.0,20336148.0,21737443.0,19493379.0,25868104.0,29591421.0,30019460.0,33638778.0,34339620.0,35770522.0,38925431.0,42200359.0,48622497.0,45958527.0,44386568.0,51222003.0,51989995.0,54900249.0,58567642.0,62479858.0,61608806.0,62495150.0
Malaysia,103180387.0,107277004.0,108469919.0,119008927.0,123988417.0,131600903.0,138374935.0,138368228.0,151602107.0,148965599.0,145522095.0,160961652.0,163951133.0,164813679.0,167402781.0,172069523.0,153250593.0,175721969.0,171020301.0,171499227.0,168248706.0,160231401.0,165106134.0,138008119.0
Maldives,51377.0,52597.0,53120.0,71891.0,86026.0,53848.0,46122.0,37799.0,38146.0,34133.0,30409.0,25425.0,21151.0,19042.0,20786.0,21346.0,22711.0,22239.0,21594.0,24092.0,24621.0,17779.0,17400.0,19558.0
Mali,11511929.0,13021541.0,12841554.0,15701393.0,14822532.0,16516104.0,16777603.0,19003517.0,21416353.0,25121379.0,23139749.0,25202765.0,26453405.0,27978869.0,26649365.0,29665593.0,35408178.0,36830291.0,38299245.0,38987234.0,40040281.0,38401886.0,40799855.0,41019690.0
Malta,460044.0,442240.0,435914.0,416575.0,424668.0,399823.0,422570.0,404278.0,428843.0,385558.0,399151.0,401587.0,382667.0,380457.0,392365.0,376790.0,369562.0,369891.0,280647.0,270402.0,248329.0,241573.0,242681.0,217421.0
Marshall Islands,5614.0,4937.0,17230.0,39882.0,24684.0,28435.0,35090.0,29330.0,37946.0,34654.0,32912.0,28556.0,31944.0,33880.0,24200.0,26136.0,36784.0,60000.0,46607.0,54557.0,56009.0,48749.0,60051.0,52539.0
Martinique,1323734.0,1186301.0,1335373.0,1172247.0,1180310.0,1096437.0,967473.0,0.0,0.0,0.0,0.0,0.0,0.0,0.0,0.0,0.0,0.0,0.0,0.0,0.0,0.0,0.0,0.0,0.0
Mauritania,1360493.0,1259749.0,1291624.0,1429119.0,1320173.0,1452523.0,1438564.0,1470686.0,1483363.0,1479061.0,1711463.0,1573166.0,1878887.0,1835390.0,2015713.0,1920970.0,1949936.0,2053408.0,2201633.0,2029717.0,2171511.0,2366284.0,2476974.0,2469404.0
Mauritius,11326837.0,12842865.0,10807913.0,11514196.0,11721721.0,11035144.0,10555277.0,9452217.0,10068587.0,10406217.0,9799095.0,9514728.0,8922168.0,8646203.0,9102453.0,8956630.0,8549769.0,8378741.0,7199835.0,7734993.0,6043140.0,6158380.0,5345927.0,5460606.0
Melanesia,21954261.0,20530855.0,21079519.0,20387458.0,21229946.0,21179628.0,22276051.0,22185421.0,22333344.0,21804181.0,21031057.0,22478551.0,21440793.0,22198699.0,24136427.0,24298706.0,23519378.0,24140711.0,24504185.0,25010400.0,24369560.0,24300029.0,25548871.0,24206892.0
Mexico,257670565.0,276207764.0,268078012.0,280318025.0,288619731.0,288207402.0,296637250.0,306878790.0,312153389.0,295109185.0,306903282.0,294896422.0,311574965.0,337184527.0,338752920.0,336416259.0,354585743.0,361091746.0,363554587.0,369832255.0,360108756.0,364998934.0,369253837.0,351201756.0
Micronesia,251247.0,251414.0,265108.0,291412.0,314750.0,314227.0,354749.0,357241.0,364451.0,363166.0,360202.0,375826.0,388086.0,396863.0,404979.0,406961.0,502991.0,524489.0,503954.0,472645.0,473773.0,465572.0,487379.0,481247.0
Micronesia (Federated States of),96375.0,96364.0,96341.0,96684.0,93317.0,89623.0,86767.0,88286.0,85592.0,85397.0,84648.0,103776.0,108524.0,110282.0,131257.0,130090.0,131088.0,131515.0,158189.0,157919.0,158117.0,158031.0,157955.0,155680.0
Middle Africa,106669495.0,110329516.0,113039671.0,116790235.0,120374254.0,130023663.0,132234436.0,138460135.0,142247636.0,156658043.0,208733627.0,212900743.0,212555158.0,232319726.0,225977618.0,229819045.0,239954686.0,243047149.0,251271158.0,255062935.0,264624545.0,266274696.0,274646487.0,276658643.0
Mongolia,2346337.0,1966895.0,1808286.0,1861384.0,2026125.0,1798981.0,2065392.0,2149205.0,2478789.0,3125113.0,2960050.0,3632477.0,4003836.0,4043045.0,4488739.0,4439230.0,4837784.0,4350889.0,5163186.0,5186205.0,5882434.0,5376213.0,5951972.0,5246538.0
Montenegro,0.0,0.0,0.0,0.0,0.0,0.0,1116898.0,641712.0,658530.0,651005.0,670895.0,813720.0,686442.0,734905.0,744019.0,759318.0,793307.0,772412.0,777969.0,741786.0,748400.0,730315.0,720857.0,630175.0
Morocco,35303742.0,39258334.0,43414971.0,51538398.0,53895843.0,44954019.0,56878402.0,41366505.0,48821268.0,59514930.0,56171803.0,61939012.0,52921669.0,62395707.0,60970622.0,71749073.0,53204383.0,69386452.0,72373607.0,63031184.0,54962218.0,69653512.0,53811568.0,49845122.0
Mozambique,18524858.0,20452317.0,17420772.0,24789739.0,25141216.0,21916325.0,24685585.0,23851375.0,22104778.0,27307287.0,29898338.0,32799353.0,30345605.0,28129868.0,27282656.0,24433485.0,24503137.0,26658327.0,32936093.0,34592889.0,32883591.0,35160883.0,38095040.0,34275702.0
Myanmar,78788235.0,84517114.0,84910180.0,90977760.0,97015606.0,105836591.0,117809515.0,125084113.0,131007318.0,133773162.0,135487355.0,129365470.0,124938360.0,129947613.0,130928044.0,130987792.0,130080635.0,128944380.0,124154779.0,122471409.0,120494939.0,122337382.0,122804725.0,117176459.0
Namibia,1491118.0,1498422.0,1495699.0,1565914.0,1632513.0,1703066.0,1820268.0,1755428.0,1776654.0,1809713.0,1880719.0,1907781.0,2047015.0,1922778.0,1981948.0,1993735.0,1944714.0,2091004.0,2111501.0,1946301.0,2065373.0,2010528.0,2081381.0,1925107.0
Nauru,3447.0,3508.0,3568.0,3629.0,3690.0,3750.0,3811.0,3878.0,3944.0,4004.0,4042.0,3780.0,4153.0,4288.0,3948.0,3968.0,3985.0,4018.0,4037.0,4121.0,4102.0,4107.0,4111.0,4060.0
Nepal,30046298.0,31236946.0,32283955.0,34011190.0,34301929.0,35473017.0,35302315.0,37675464.0,39166263.0,39148689.0,41857801.0,45306604.0,46504893.0,47040688.0,48295539.0,47503701.0,53267614.0,51112974.0,54032286.0,55406535.0,56771816.0,56688115.0,58318850.0,57251690.0
Net Food Importing Developing Countries,1526114827.0,1551145903.0,1604585949.0,1663070586.0,1702979096.0,1735838250.0,1790782879.0,1853917176.0,1935038245.0,1995698211.0,2074411067.0,2148877893.0,2202527506.0,2317521736.0,2377587001.0,2405624230.0,2433183876.0,2506667358.0,2520237214.0,2562706327.0,2655153666.0,2720283797.0,2751116371.0,2709374888.0
Netherlands (Kingdom of the),84508541.0,78817164.0,78976371.0,77098857.0,80555595.0,78050856.0,76601467.0,78982162.0,80219048.0,83015887.0,82610928.0,85430684.0,83181622.0,84617189.0,88978780.0,87026202.0,89529394.0,97638389.0,87217425.0,92511249.0,92047427.0,91795524.0,93761377.0,74256140.0
New Caledonia,97906.0,102580.0,104353.0,102364.0,110673.0,111206.0,109685.0,107339.0,108594.0,100240.0,102782.0,100968.0,111979.0,102313.0,107707.0,134512.0,132670.0,132727.0,138181.0,138343.0,140818.0,128067.0,116141.0,101045.0
New Zealand,44178714.0,46551811.0,48618238.0,49750910.0,51876372.0,50864197.0,52110856.0,53700438.0,53453592.0,56210406.0,57327480.0,57940168.0,63154596.0,64065447.0,70100722.0,71486973.0,70011243.0,68707083.0,70639566.0,70939313.0,71396435.0,70387780.0,68169824.0,55947256.0
Nicaragua,12391418.0,11645500.0,11955917.0,14538414.0,13950764.0,14134695.0,15489618.0,15594918.0,15268263.0,17292057.0,16916192.0,18445107.0,21946482.0,22407345.0,22714893.0,21737758.0,21989968.0,24500770.0,25130574.0,24951600.0,25323707.0,25336444.0,26507539.0,23661950.0
Niger,9072565.0,11750507.0,13129641.0,12980857.0,11623389.0,14296204.0,15681490.0,16210078.0,19838423.0,15505776.0,21600858.0,17821079.0,21565076.0,21419298.0,22850693.0,26022973.0,27785330.0,28679821.0,30787700.0,30695211.0,33863788.0,27278053.0,35424833.0,32819621.0
Nigeria,241105363.0,239608319.0,252538939.0,265949105.0,283202055.0,300110095.0,322908690.0,300948528.0,321257513.0,276172790.0,315394546.0,300377278.0,324378447.0,318791897.0,364135622.0,373145611.0,400896157.0,406623684.0,431087896.0,413755322.0,422685961.0,442038025.0,454689795.0,449987021.0
Niue,12479.0,12487.0,12565.0,12825.0,12786.0,12740.0,12728.0,12969.0,13025.0,13261.0,13668.0,13604.0,13904.0,13706.0,13822.0,13232.0,13619.0,13734.0,13810.0,13839.0,13679.0,13659.0,13642.0,13625.0
North Macedonia,4609544.0,4127504.0,4121289.0,4159727.0,4866731.0,4753428.0,4789126.0,4842587.0,5291027.0,5260309.0,5360221.0,5280844.0,4957516.0,5348227.0,5420876.0,5585807.0,5878483.0,4836697.0,5740233.0,5407805.0,5658025.0,5274601.0,5470021.0,4312532.0
Northern Africa,262699931.0,274709836.0,286650963.0,321054451.0,323771493.0,330843316.0,349639937.0,339622564.0,347966846.0,374341315.0,360196546.0,382990934.0,376930192.0,395450778.0,407264305.0,415845971.0,399333709.0,414422777.0,423650610.0,423176590.0,418404897.0,433667415.0,428502981.0,406479597.0
Northern America,1756667370.0,1672366786.0,1607240347.0,1726869506.0,1858661541.0,1796371838.0,1763191016.0,1886971876.0,1881620378.0,1932832555.0,1895281213.0,1860867315.0,1847675992.0,2040911722.0,2065835594.0,2060028298.0,2262582597.0,2145611019.0,2142476425.0,2051847840.0,2129793962.0,2129170422.0,2071712153.0,2053904880.0
Northern Europe,310871927.0,293866399.0,307722170.0,301192326.0,302958109.0,298997688.0,280552582.0,280062082.0,293368279.0,293731162.0,280571894.0,295463259.0,288685903.0,295290540.0,319210852.0,316786706.0,305021024.0,324880571.0,290713034.0,327704213.0,313014396.0,316048940.0,323769932.0,270914466.0
Norway,9032699.0,8861489.0,8756842.0,9028613.0,9441901.0,8950071.0,8820216.0,8877726.0,9484867.0,8631046.0,8940447.0,8377984.0,8621721.0,8457414.0,9090763.0,9339439.0,9440204.0,9191767.0,8451143.0,9220475.0,9365332.0,9180079.0,9281191.0,6696172.0
Oceania,292326911.0,271186091.0,287479857.0,251776221.0,304963023.0,294447481.0,303635438.0,252828629.0,262888046.0,281452583.0,280495247.0,286974573.0,304780177.0,295554109.0,314564576.0,315100997.0,314661676.0,354050477.0,315343017.0,293563893.0,280268090.0,343390092.0,353566570.0,348177541.0
Oman,1523237.0,1603701.0,1482995.0,1492814.0,1575246.0,1522966.0,1546753.0,1619003.0,1717220.0,1888366.0,2129567.0,2058453.0,2077455.0,2145833.0,2208219.0,2495770.0,2562185.0,3465872.0,3503722.0,3563646.0,4759835.0,4489550.0,4837994.0,4983548.0
Pakistan,264211618.0,253284356.0,263792350.0,279721580.0,295649255.0,290149726.0,286677736.0,315139613.0,341533363.0,332574416.0,327416020.0,355578620.0,358099083.0,388688435.0,391495150.0,394274896.0,421449651.0,445957273.0,413099739.0,420431973.0,459688514.0,494804248.0,493639266.0,494357006.0
Palestine,2911251.0,2719734.0,3111542.0,2779364.0,2878886.0,2841947.0,3000609.0,2803416.0,2934526.0,2483864.0,2026677.0,2340089.0,2329497.0,2542825.0,2297381.0,1814905.0,2274116.0,2372241.0,2772580.0,2450086.0,2525669.0,3342979.0,2879731.0,2604965.0
Panama,7714472.0,7015777.0,7476259.0,7579489.0,7771967.0,7846428.0,8200935.0,8513566.0,8269434.0,7918404.0,8529362.0,9201889.0,9334555.0,9583765.0,10135680.0,9908645.0,10158708.0,10314675.0,10987222.0,10800119.0,11190467.0,10831942.0,11688083.0,8454574.0
Papua New Guinea,12085029.0,11787617.0,12004673.0,12221439.0,12446124.0,12489434.0,12788507.0,14057089.0,14510514.0,14702174.0,15044388.0,15659498.0,15866620.0,16130490.0,17441042.0,17659533.0,17949782.0,18097559.0,18264539.0,18526152.0,18043219.0,18524506.0,18703693.0,17789518.0
Paraguay,23483125.0,28220222.0,30287420.0,34248958.0,36233357.0,33664178.0,35265204.0,42283389.0,40263938.0,35202808.0,47208165.0,49520037.0,36933233.0,54388168.0,55962319.0,58955845.0,59944239.0,62479712.0,62433368.0,59120143.0,68160274.0,62517941.0,46231095.0,60447614.0
Peru,50809623.0,50867467.0,55301775.0,57025739.0,52681454.0,53892685.0,57124625.0,60287070.0,66399312.0,68829295.0,70547726.0,71518755.0,76233595.0,79217799.0,80923667.0,79855132.0,81103984.0,79135623.0,85267332.0,87647592.0,87701676.0,89517455.0,91274493.0,86199383.0
Philippines,141163352.0,145288167.0,147258149.0,155562495.0,162503167.0,159707527.0,166652041.0,169889087.0,184243766.0,177198902.0,165389004.0,190124033.0,191740166.0,188056784.0,191386506.0,186492126.0,182460545.0,202570786.0,194335788.0,186127343.0,192610529.0,197467875.0,191977068.0,183912145.0
Poland,181988752.0,179819589.0,176334404.0,162449991.0,181029003.0,165420969.0,153178777.0,172272810.0,164889319.0,174160366.0,161840021.0,169182371.0,176109719.0,171372722.0,188119727.0,167226439.0,187126329.0,195631315.0,175553634.0,176012751.0,198482708.0,197834783.0,197784856.0,184410166.0
Polynesia,766648.0,766433.0,802242.0,793047.0,785443.0,813323.0,834258.0,913942.0,911131.0,919962.0,923980.0,942422.0,937458.0,936564.0,883047.0,728213.0,706368.0,724412.0,710240.0,693528.0,692467.0,706102.0,699733.0,663473.0
Portugal,24030984.0,22956009.0,24818154.0,23350109.0,25017185.0,22829552.0,23197227.0,22471599.0,22753857.0,22524765.0,22572970.0,21220910.0,21363429.0,21818336.0,22646673.0,24362280.0,22824140.0,24225757.0,21725638.0,23169164.0,22759373.0,25519099.0,22815716.0,20517575.0
Puerto Rico,1757706.0,1604806.0,1629009.0,1556220.0,1601546.0,1445644.0,1475958.0,1421420.0,1415341.0,1397619.0,1396011.0,1376691.0,1573234.0,1303698.0,1140235.0,1218847.0,1261007.0,1264616.0,1335237.0,1344839.0,1359132.0,1364981.0,1454491.0,1258428.0
Qatar,281242.0,215930.0,232489.0,187220.0,188038.0,191517.0,223890.0,260357.0,240559.0,250557.0,265930.0,258060.0,260584.0,285409.0,299844.0,327444.0,349954.0,360421.0,459280.0,483327.0,517985.0,530536.0,479604.0,518079.0
Republic of Korea,61363260.0,62466532.0,58668459.0,56863618.0,59725486.0,58322200.0,58116132.0,57150538.0,59385817.0,59452323.0,55507021.0,55448095.0,54913387.0,56451412.0,59613007.0,56610223.0,55636811.0,55538945.0,56770566.0,55480497.0,54417470.0,55544775.0,54622254.0,50448318.0
Republic of Moldova,11553113.0,13356301.0,13646474.0,12280398.0,14477818.0,14322064.0,13664539.0,10225527.0,14815256.0,11131637.0,12910183.0,12960459.0,9104935.0,13946329.0,15623286.0,11665468.0,14378048.0,16037946.0,16260584.0,15925017.0,9604999.0,18174642.0,10718200.0,13646440.0
Romania,57932634.0,77595150.0,69116195.0,71124817.0,95533930.0,80371883.0,77672814.0,55107984.0,76349431.0,72957882.0,74585857.0,86061196.0,62323589.0,85004191.0,89701344.0,80582192.0,85744770.0,101476247.0,103733699.0,98936854.0,68508270.0,90380033.0,67549032.0,67149857.0
Russian Federation,356266817.0,397329927.0,402126908.0,382244166.0,405392757.0,408337816.0,433054518.0,437000138.0,499960326.0,475071143.0,369198240.0,529070271.0,470698503.0,506372164.0,528482234.0,547544860.0,580946398.0,614410383.0,560094186.0,609900741.0,587742253.0,582877190.0,687253423.0,624992679.0
Rwanda,12581554.0,12320459.0,15243248.0,13777060.0,13556642.0,14560525.0,14583172.0,14452850.0,14593178.0,16789135.0,16769259.0,17981521.0,19635295.0,20404709.0,15414989.0,15867002.0,16091248.0,16758473.0,17623616.0,18351964.0,18875497.0,19835455.0,19939436.0,19797390.0
Réunion,4374420.0,4342608.0,4282035.0,4505792.0,4646117.0,4324868.0,4484067.0,0.0,0.0,0.0,0.0,0.0,0.0,0.0,0.0,0.0,0.0,0.0,0.0,0.0,0.0,0.0,0.0,0.0
Saint Kitts and Nevis,419432.0,422386.0,426882.0,427095.0,570289.0,226356.0,11651.0,12639.0,13372.0,13329.0,12952.0,16616.0,15182.0,15043.0,14411.0,14351.0,14811.0,14874.0,14965.0,15969.0,15380.0,15975.0,16018.0,12643.0
Saint Lucia,219695.0,177816.0,207744.0,177732.0,168873.0,138533.0,153624.0,152579.0,174107.0,163401.0,125196.0,128945.0,108966.0,115352.0,115579.0,107711.0,104480.0,108467.0,124468.0,119676.0,102482.0,97772.0,103791.0,72385.0
Saint Vincent and the Grenadines,155086.0,163593.0,172692.0,178814.0,169819.0,191718.0,196210.0,201256.0,199735.0,205978.0,200742.0,211049.0,207049.0,205436.0,216625.0,212066.0,203466.0,206630.0,208270.0,208905.0,206828.0,182220.0,179012.0,174181.0
Samoa,329951.0,337729.0,348196.0,349492.0,349267.0,357232.0,356427.0,347138.0,360287.0,385370.0,388891.0,404930.0,404924.0,408537.0,403623.0,254829.0,249495.0,265841.0,258430.0,244009.0,240104.0,254356.0,249603.0,241516.0
Sao Tome and Principe,190291.0,199108.0,201645.0,201231.0,196992.0,207086.0,205251.0,196724.0,193924.0,193388.0,186731.0,183282.0,188277.0,205726.0,193841.0,165245.0,174522.0,182450.0,182790.0,183827.0,185500.0,188680.0,198186.0,187055.0
Saudi Arabia,14900980.0,16357693.0,17077344.0,17814817.0,19262345.0,19642907.0,19663168.0,19829871.0,19528645.0,18165240.0,18246571.0,18182850.0,17486046.0,18563737.0,17056322.0,18658588.0,19171744.0,20466505.0,20316304.0,22301690.0,25888249.0,24747113.0,25728281.0,24625120.0
Senegal,8153598.0,8043427.0,6458861.0,8667619.0,8272333.0,9174806.0,7697970.0,7478701.0,11690339.0,11086269.0,11614788.0,8962580.0,10303712.0,9823083.0,10298987.0,13806094.0,14206719.0,17101169.0,20378641.0,20975561.0,25117485.0,24632426.0,24255410.0,25031187.0
Serbia,0.0,0.0,0.0,0.0,0.0,0.0,39155290.0,34043588.0,38105003.0,39762460.0,40780867.0,39558874.0,31004840.0,40026028.0,43293713.0,35939752.0,43165635.0,33676084.0,41281570.0,41468276.0,42875905.0,39556417.0,34050195.0,38604611.0
Serbia and Montenegro,27456834.0,37181723.0,36684613.0,30815196.0,42941379.0,41888159.0,0.0,0.0,0.0,0.0,0.0,0.0,0.0,0.0,0.0,0.0,0.0,0.0,0.0,0.0,0.0,0.0,0.0,0.0
Seychelles,31980.0,30922.0,31283.0,29643.0,29018.0,27843.0,27830.0,29443.0,28089.0,25833.0,27005.0,28792.0,26464.0,25922.0,25976.0,29070.0,29175.0,28749.0,30175.0,31653.0,31983.0,33907.0,36289.0,28840.0
Sierra Leone,2714252.0,3143591.0,3672587.0,6666316.0,7183940.0,6229682.0,7683044.0,7482335.0,7970757.0,10334114.0,11722709.0,12478179.0,12841387.0,13569902.0,13077204.0,11718469.0,10954040.0,9024501.0,9598741.0,7416826.0,9308651.0,14086929.0,10670972.0,11204379.0
Singapore,871043.0,912873.0,1069952.0,778600.0,1016535.0,1168806.0,1016615.0,1118008.0,1031938.0,1181839.0,1204018.0,1195031.0,1210388.0,1178820.0,948165.0,890378.0,926376.0,966513.0,992851.0,1001339.0,1024370.0,960262.0,859800.0,297953.0
Slovakia,13587623.0,16326637.0,16895742.0,14759361.0,18263266.0,17775664.0,15609416.0,13958193.0,16479512.0,14697549.0,12627262.0,15539650.0,12965089.0,14584455.0,18297930.0,15287201.0,18584072.0,15203500.0,15752512.0,15512720.0,16484795.0,16192685.0,13778284.0,14967901.0
Slovenia,5184419.0,4746887.0,5378094.0,4541596.0,5248578.0,5139977.0,4820650.0,4341939.0,4367481.0,4261188.0,4264928.0,4286943.0,4013707.0,3749030.0,4276149.0,4376346.0,4333943.0,4085696.0,4157678.0,4189419.0,4462757.0,4178539.0,3880095.0,3490793.0
Small Island Developing States,189746057.0,183615857.0,189153155.0,163326068.0,171463729.0,137739660.0,135761238.0,136349898.0,139128404.0,140212071.0,132214095.0,136646578.0,142061577.0,146800785.0,156247644.0,158474458.0,152757777.0,160265689.0,144812390.0,151401664.0,138474265.0,131960577.0,132368756.0,126174340.0
Solomon Islands,894215.0,860242.0,866733.0,876805.0,987898.0,1101466.0,1145312.0,1217419.0,1269042.0,1214442.0,907073.0,916362.0,977467.0,1003856.0,1037839.0,1065110.0,1063830.0,1086091.0,1110860.0,1112252.0,1119646.0,1171033.0,1194246.0,1130471.0
Somalia,7012007.0,7173745.0,7453379.0,7360934.0,7314121.0,7395603.0,6970110.0,6994962.0,6896208.0,6964589.0,7840359.0,7421789.0,8012724.0,8017271.0,7324174.0,7243090.0,6949332.0,6992060.0,7183207.0,7126779.0,7080284.0,6989622.0,7038718.0,6858572.0
South Africa,116809902.0,105497677.0,114162148.0,107565967.0,105383411.0,115428201.0,104640478.0,104088193.0,118408472.0,115422617.0,111557270.0,111279293.0,115977304.0,124156526.0,125394920.0,112822158.0,105627479.0,132090869.0,130698379.0,127175172.0,135274963.0,136596768.0,138487904.0,131452008.0
South America,1734631828.0,1824565231.0,1898397273.0,2043642524.0,2100440507.0,2154591428.0,2285124543.0,2510252688.0,2754628922.0,2752267289.0,2918297030.0,3028391174.0,2966263374.0,3169799327.0,3144285925.0,3232884186.0,3204340244.0,3295332785.0,3224071618.0,3347675540.0,3397879180.0,3309798465.0,3341913356.0,3342551465.0
South Sudan,0.0,0.0,0.0,0.0,0.0,0.0,0.0,0.0,0.0,0.0,0.0,0.0,13788158.0,12497653.0,13875802.0,14876146.0,14595438.0,14471668.0,14564997.0,14649144.0,14756594.0,15971414.0,16222584.0,16486734.0
South-eastern Asia,1089878891.0,1116207211.0,1170405630.0,1264376993.0,1295287521.0,1301297978.0,1370827694.0,1438216653.0,1528113118.0,1537842562.0,1558501480.0,1686384583.0,1780136223.0,1801301920.0,1839263379.0,1838168336.0,1813314559.0,1927308774.0,2022005451.0,2009293592.0,1895246270.0,1953120147.0,2022085386.0,1880866625.0
Southern Africa,129358591.0,118498708.0,128078868.0,121577032.0,119834676.0,130857423.0,119557750.0,118938314.0,133415552.0,130463852.0,127370003.0,127528858.0,132491688.0,140771361.0,142259231.0,129740119.0,122321586.0,149548602.0,148495930.0,144549523.0,152958831.0,153422823.0,156097741.0,147549899.0
Southern Asia,2251238372.0,2271649031.0,2223864696.0,2343170118.0,2236673965.0,2329492824.0,2483019171.0,2792840335.0,2796571564.0,2646654865.0,2806433019.0,3027557013.0,3114460617.0,3187400526.0,3269593871.0,3262697995.0,3332810665.0,3369398261.0,3566381468.0,3674927831.0,3722177622.0,3917004443.0,4051749152.0,4124485717.0
Southern Europe,522835505.0,507059181.0,524462638.0,491870737.0,542196890.0,518486169.0,502175988.0,491288703.0,501324597.0,485774432.0,488914411.0,493190595.0,450425117.0,491257429.0,487837539.0,487565170.0,506044175.0,468190889.0,502466745.0,484191258.0,511227884.0,503323496.0,457715058.0,406692222.0
Spain,183892636.0,169468103.0,182084084.0,186151716.0,190083711.0,161799197.0,175016579.0,178174761.0,176984426.0,164930059.0,171765238.0,178417553.0,158565501.0,188332579.0,179881468.0,182571902.0,192893806.0,175150637.0,197109074.0,179516102.0,198384485.0,195776075.0,166318331.0,139276132.0
Sri Lanka,16996773.0,16191050.0,16175274.0,16798575.0,16054210.0,17280844.0,18166016.0,17334842.0,19315392.0,18745538.0,21888692.0,20958286.0,21632082.0,23988097.0,22106130.0,24830085.0,24201831.0,19118878.0,22883603.0,24000516.0,27495016.0,28186026.0,24274223.0,24116355.0
Sudan,0.0,0.0,0.0,0.0,0.0,0.0,0.0,0.0,0.0,0.0,0.0,0.0,47652941.0,56857001.0,61802381.0,53124088.0,63547607.0,59526362.0,68367895.0,61333174.0,61545536.0,58246209.0,63415533.0,52945320.0
Sudan (former),43953047.0,51143629.0,51490303.0,60539261.0,57512923.0,63227254.0,62193690.0,63513528.0,61465867.0,63451031.0,57036467.0,61325845.0,0.0,0.0,0.0,0.0,0.0,0.0,0.0,0.0,0.0,0.0,0.0,0.0
Suriname,875313.0,938481.0,804630.0,762337.0,792862.0,814883.0,967084.0,997342.0,1017104.0,1126763.0,1155428.0,1100614.0,1102021.0,1212022.0,1242256.0,1191410.0,1208630.0,1222235.0,1147580.0,1059279.0,954244.0,967143.0,787170.0,776554.0
Sweden,31086906.0,30593235.0,30603109.0,29740301.0,30323750.0,29158834.0,26335091.0,27756339.0,27842658.0,29189984.0,26552793.0,28307326.0,28649684.0,28769232.0,30211037.0,29148580.0,29432937.0,30372082.0,22809400.0,29608493.0,29367474.0,27346621.0,28845158.0,22340995.0
Switzerland,19411175.0,17966956.0,19111002.0,17850028.0,19243550.0,18704810.0,18161966.0,19400108.0,19828451.0,20371260.0,18907738.0,20988188.0,19975447.0,18613210.0,20849534.0,19019007.0,18330409.0,19180304.0,18932426.0,18729952.0,18824707.0,17224272.0,18140429.0,15375566.0
Syrian Arab Republic,28709832.0,31620633.0,35527250.0,35515088.0,36438919.0,36924718.0,39959584.0,36752025.0,30995836.0,35597933.0,34367212.0,39096345.0,33488299.0,28417528.0,23917321.0,28175933.0,24061043.0,24978557.0,22284466.0,31440354.0,30424970.0,23690711.0,21685427.0,27137978.0
Tajikistan,4860363.0,5291618.0,6245245.0,7055195.0,7767190.0,7867621.0,8182126.0,8598439.0,8963230.0,10419986.0,10926178.0,11057824.0,12256543.0,13489703.0,13101452.0,13746461.0,14195308.0,15036542.0,15606688.0,16541258.0,16749076.0,17398445.0,17250305.0,17220427.0
Thailand,267949175.0,266024929.0,284431900.0,323881681.0,306100747.0,267412680.0,276623347.0,328793268.0,345368913.0,339861762.0,334139084.0,402055427.0,426638441.0,428050918.0,429899427.0,402464142.0,406928502.0,413237867.0,499889607.0,487317186.0,368777772.0,369667571.0,428525564.0,398497213.0
Timor-Leste,649060.0,634070.0,701033.0,664955.0,681190.0,713266.0,753605.0,674072.0,748139.0,912311.0,885726.0,654530.0,717467.0,740566.0,746787.0,819682.0,702759.0,654845.0,666878.0,632288.0,632242.0,566744.0,717066.0,706693.0
Togo,5319498.0,5672192.0,5782935.0,5903559.0,5758929.0,5525740.0,5824904.0,5901259.0,6139545.0,6749182.0,6761507.0,7160130.0,7814521.0,7119927.0,8301341.0,7927062.0,8093438.0,8408664.0,8777724.0,8956051.0,9058912.0,9423817.0,9727229.0,9746078.0
Tokelau,5015.0,5081.0,5052.0,4992.0,5124.0,5196.0,5270.0,5353.0,5434.0,5525.0,5629.0,5717.0,5854.0,5854.0,5879.0,6445.0,6458.0,6465.0,6477.0,6492.0,6500.0,6522.0,6507.0,6524.0
Tonga,204392.0,201986.0,210633.0,206558.0,206226.0,207558.0,229750.0,317433.0,308304.0,306424.0,302837.0,301070.0,295025.0,297563.0,248283.0,242135.0,220872.0,220463.0,215607.0,214394.0,216532.0,217487.0,220343.0,217467.0
Trinidad and Tobago,3370622.0,2665012.0,3379623.0,2327973.0,1658050.0,1423375.0,2335873.0,2255348.0,519961.0,508071.0,515379.0,516321.0,518060.0,513138.0,518349.0,473951.0,502369.0,555731.0,562264.0,497621.0,495447.0,493843.0,495979.0,420271.0
Tunisia,13465599.0,13115571.0,12019308.0,17264645.0,16408543.0,17021659.0,16718862.0,17580485.0,17107394.0,19280743.0,17266480.0,19491731.0,21013870.0,19255677.0,21334702.0,22480995.0,20785409.0,21439379.0,22771892.0,24564493.0,24184645.0,23210855.0,22876460.0,19770523.0
Turkmenistan,11159087.0,12237696.0,13253636.0,14249764.0,15096017.0,16813440.0,17205220.0,13997325.0,13526621.0,14562937.0,15331263.0,14229619.0,13664035.0,14101931.0,14141505.0,14715626.0,16101945.0,16254157.0,15260170.0,16794175.0,17354072.0,17202952.0,17587896.0,16095565.0
Tuvalu,5016.0,4789.0,5097.0,5258.0,5144.0,5275.0,5310.0,5447.0,5411.0,5458.0,5372.0,5425.0,5547.0,5730.0,5578.0,5639.0,5672.0,5708.0,5741.0,6752.0,6728.0,6788.0,6776.0,6531.0
Türkiye,234787142.0,213377171.0,228254958.0,225690578.0,232139081.0,246152223.0,243455979.0,226811944.0,237440067.0,253836668.0,257035937.0,268117088.0,269861623.0,284087893.0,275250892.0,290175905.0,295313761.0,313951137.0,305941299.0,312843204.0,329655765.0,314312901.0,332889959.0,342425568.0
Uganda,48011372.0,50457586.0,52755583.0,54512673.0,54804522.0,54496522.0,53728738.0,54549443.0,40119365.0,42785655.0,44191323.0,44816425.0,45108595.0,47271904.0,48243538.0,50248793.0,46126180.0,49964843.0,58676939.0,58495879.0,64956483.0,66679437.0,71682478.0,64056196.0
Ukraine,177242540.0,206989917.0,204434934.0,189699924.0,227507897.0,220814707.0,231402508.0,204185110.0,254796748.0,233415098.0,227572909.0,292940243.0,270387634.0,295302113.0,308764385.0,281398704.0,307209357.0,301131752.0,321557400.0,320602281.0,290168505.0,343433013.0,257232236.0,274419349.0
United Arab Emirates,6748128.0,3264104.0,3064386.0,2766328.0,3143935.0,3073767.0,2832173.0,2789656.0,3066175.0,3032836.0,3106534.0,2007570.0,2002617.0,2001877.0,2451762.0,2561683.0,2605852.0,2776582.0,2697101.0,2796291.0,3144877.0,3205195.0,3014792.0,2615766.0
United Kingdom of Great Britain and Northern Ireland,144394885.0,132206173.0,144479419.0,139623872.0,139318421.0,137049205.0,132127374.0,125682690.0,137552634.0,135129546.0,131053660.0,138031863.0,126405896.0,132438949.0,147611506.0,142194403.0,132627184.0,146047047.0,135931924.0,146528458.0,128156232.0,138315382.0,138148201.0,124406352.0
United Republic of Tanzania,36637704.0,38655962.0,49334150.0,39967238.0,50994346.0,51358808.0,56898497.0,56237187.0,59274272.0,59438648.0,67709660.0,72102383.0,73379441.0,78285263.0,84286066.0,86219131.0,84019729.0,82162934.0,91670188.0,92119104.0,96107004.0,94047148.0,95353705.0,95810391.0
United States of America,1570889613.0,1511407119.0,1462949403.0,1548813324.0,1669534769.0,1604047569.0,1575490472.0,1700559044.0,1671300850.0,1732918491.0,1700666000.0,1659840339.0,1635998739.0,1787528822.0,1844979470.0,1829420844.0,2012642320.0,1894968531.0,1889193352.0,1795660147.0,1863347958.0,1915117861.0,1808903749.0,1817637420.0
Uruguay,11594035.0,11549586.0,11574270.0,12192249.0,14096744.0,15371086.0,15787475.0,16582529.0,16827592.0,19065923.0,21017127.0,21058078.0,24430329.0,22955108.0,25459147.0,24057454.0,21941302.0,23934365.0,18234429.0,23573616.0,21613014.0,23225436.0,26788193.0,20086970.0
Uzbekistan,36646092.0,37807738.0,40953829.0,43067200.0,45533141.0,48769096.0,52393623.0,54727745.0,57659368.0,60681490.0,65500286.0,68690191.0,73510426.0,78263598.0,83362998.0,88566412.0,93362960.0,88365479.0,85171382.0,89681141.0,91700575.0,93790416.0,98540663.0,95085157.0
Vanuatu,471865.0,509277.0,455998.0,467470.0,499731.0,500271.0,492468.0,512139.0,512363.0,511510.0,677749.0,651385.0,653901.0,698045.0,830816.0,769722.0,757778.0,650672.0,660911.0,667091.0,663273.0,664379.0,1121851.0,1098817.0
Venezuela (Bolivarian Republic of),46225585.0,47186305.0,44364363.0,46803442.0,45757341.0,49272947.0,49461068.0,51517200.0,50376075.0,48772156.0,47609661.0,48364446.0,46249728.0,46545416.0,46301367.0,42205704.0,35368336.0,35024137.0,31562602.0,31643221.0,34647458.0,32562254.0,31066596.0,28950072.0
Viet Nam,140868991.0,144491692.0,158861035.0,163909322.0,167994249.0,169868989.0,177247836.0,182316208.0,189142332.0,187211039.0,193165637.0,202794865.0,222329811.0,228514943.0,233863548.0,234782709.0,231502378.0,236816666.0,241455099.0,238961563.0,231458024.0,235623316.0,236157199.0,235353361.0
Western Africa,391710297.0,401133825.0,422441471.0,446005776.0,461648813.0,487253980.0,513802904.0,492585753.0,540786773.0,501061249.0,555965904.0,540320291.0,582577512.0,586735393.0,645277889.0,663894946.0,704412985.0,722764813.0,766539182.0,762359196.0,788876579.0,811997517.0,841274139.0,839015097.0
Western Asia,357694654.0,343345075.0,370352098.0,364109496.0,376165882.0,395634163.0,393249328.0,376211283.0,377268800.0,397556577.0,401795550.0,421419342.0,419489389.0,437609743.0,421056427.0,430339813.0,434586457.0,454288957.0,442323540.0,474381422.0,502336727.0,473994489.0,485345703.0,496050191.0
Western Europe,853434764.0,816093366.0,846686197.0,778528403.0,870799413.0,832557413.0,794573852.0,813462925.0,847554101.0,875155124.0,836389012.0,876469643.0,863479960.0,855411213.0,933661792.0,888414940.0,858457339.0,943558194.0,863141411.0,899125043.0,851640710.0,888609746.0,863556793.0,769199230.0
World,14775705797.0,14956373433.0,15238917070.0,15533055903.0,16229891416.0,16328466187.0,16749368277.0,17467895991.0,18281756651.0,18235958987.0,18563284296.0,19527522804.0,19680582378.0,20514519905.0,20964760335.0,21092565046.0,21425092686.0,21863405952.0,22027920901.0,22334226547.0,22401944655.0,22829155092.0,23059924739.0,22578012951.0
Yemen,6012678.0,6323174.0,6147123.0,6109274.0,6115746.0,6437422.0,7290598.0,8302055.0,8000258.0,8297285.0,9138930.0,8393861.0,9015521.0,8859940.0,8546537.0,7613460.0,6995436.0,6967923.0,6830019.0,7847341.0,8614214.0,9686239.0,8852222.0,8137808.0
Zambia,10039448.0,10669172.0,11034064.0,12455491.0,12601928.0,12368516.0,13753395.0,13625527.0,13024219.0,17756092.0,20986741.0,22564080.0,22849751.0,22816405.0,24053868.0,21449585.0,24583510.0,29951565.0,28568704.0,27506187.0,29938492.0,30197000.0,28494686.0,31923756.0
Zimbabwe,19928049.0,20789397.0,15973504.0,18635512.0,21525817.0,17357197.0,19704842.0,17564297.0,14870870.0,14873367.0,17077537.0,17851754.0,20455052.0,20454708.0,20381863.0,18484172.0,18781141.0,26133627.0,26206467.0,25354821.0,30093430.0,30387937.0,27494789.0,27950073.0
