Country,ISO1,ISO2,F2000,F2001,F2002,F2003,F2004,F2005,F2006,F2007,F2008,F2009,F2010,F2011,F2012,F2013,F2014,F2015,F2016,F2017,F2018,F2019,F2020,F2021,F2022
Afghanistan,AF,AFG,0.993,1.311,1.365,0.587,1.373,0.401,1.72,0.675,0.704,0.895,1.613,1.397,0.223,1.281,0.456,1.093,1.555,1.54,1.544,0.91,0.498,1.327,2.012
Albania,AL,ALB,1.065,1.532,0.492,0.97,0.444,0.189,0.345,1.316,0.978,0.91,1.191,1.055,1.487,1.333,1.198,1.569,1.464,1.121,2.028,1.675,1.498,1.536,1.518
Algeria,DZ,DZA,0.82,1.856,1.258,1.585,0.988,1.264,1.395,1.22,1.185,0.945,2.265,1.398,1.147,1.192,1.69,1.121,1.757,1.512,1.21,1.115,1.926,2.33,1.688
American Samoa,AS,ASM,0.626,0.904,1.152,0.716,0.191,0.801,0.403,1.032,0.67,0.892,1.311,0.854,0.924,1.257,1.17,1.009,1.539,1.435,1.189,1.539,1.43,1.268,1.256
Andorra,AD,AND,1.05,1.48,0.835,1.949,0.936,0.851,1.485,1.024,0.946,1.413,0.471,1.677,1.265,0.831,1.946,1.69,1.99,1.925,1.919,1.964,2.562,1.533,3.243
Angola,AO,AGO,0.169,0.295,0.735,0.889,0.414,1.021,0.561,0.885,0.501,0.708,1.194,0.88,0.552,1.044,0.828,1.331,1.609,0.87,1.395,1.752,1.162,1.553,1.212
Anguilla,AI,AIA,0.264,0.587,0.706,0.816,0.521,0.828,0.691,0.957,0.411,0.566,1.09,0.489,0.64,0.77,0.814,1.051,1.125,0.96,0.664,0.843,1.224,0.893,0.839
Antigua and Barbuda,AG,ATG,0.335,0.728,0.634,0.783,0.501,0.843,0.659,0.934,0.394,0.498,1.153,0.586,0.696,0.783,0.744,1.035,1.097,0.958,0.627,0.797,1.131,0.862,0.77
Argentina,AR,ARG,-0.186,0.425,0.278,0.635,0.47,0.281,0.596,-0.169,0.601,0.857,0.135,0.386,0.798,0.442,0.951,0.957,0.488,1.095,0.878,0.76,1.123,1.031,0.643
Armenia,AM,ARM,1.031,1.395,1.194,0.141,1.162,0.48,1.621,0.706,0.861,0.706,2.775,0.65,1.247,1.407,1.283,1.931,1.356,0.889,2.772,1.859,1.954,2.087,1.707
Aruba,AW,ABW,0.537,0.728,0.84,1.067,0.661,0.836,0.51,0.935,0.692,0.892,1.309,0.509,0.58,1.094,0.986,1.149,1.446,1.303,0.698,1.007,1.281,1.327,1.315
Australia,AU,AUS,0.148,0.336,0.736,0.835,0.723,1.211,0.721,0.929,0.625,1.03,0.673,0.208,0.308,1.499,1.198,1.087,1.172,1.141,1.129,1.422,1.416,0.629,0.754
Austria,AT,AUT,1.769,1.501,1.531,1.464,0.829,0.628,0.907,2.137,1.582,1.544,0.656,1.373,1.783,1.098,2.409,2.167,2.096,1.741,2.524,2.37,2.315,1.395,2.498
Azerbaijan,AZ,AZE,1.098,1.401,1.432,-0.147,1.303,0.814,1.488,0.958,0.883,0.78,2.327,0.766,1.474,1.574,1.252,1.672,1.53,1.308,2.24,1.997,2.015,2.061,2.08
Bahamas,BS,BHS,0.163,0.135,0.856,0.989,0.311,0.455,0.385,0.937,0.842,0.41,0.314,0.363,0.344,0.565,0.883,1.114,1.042,1.331,1.023,1.443,1.611,0.879,1.48
Bahrain,BH,BHR,1.119,1.216,1.552,1.256,1.385,1.065,1.823,1.08,1.329,1.224,2.286,1.431,1.385,1.403,1.694,2.24,1.598,2.08,2.247,2.108,2.027,2.464,2.017
Bangladesh,BD,BGD,0.226,0.316,0.398,0.239,0.269,0.592,0.814,0.266,0.093,0.844,0.768,0.144,0.235,0.23,0.482,0.722,1.337,1.124,0.881,1.136,0.898,1.3,1.216
Barbados,BB,BRB,0.303,0.506,0.546,0.888,0.7,1.13,0.844,0.679,0.316,0.429,1.147,0.677,0.488,0.778,0.418,0.868,1.446,1.282,1.125,1.412,1.477,1.327,1.315
Belarus,BY,BLR,1.941,1.979,1.892,0.084,0.931,1.276,0.647,2.362,2.254,1.603,1.461,1.017,1.561,1.212,2.18,2.247,2.201,1.592,2.342,2.689,3.51,1.728,1.922
Belgium,BE,BEL,1.484,1.336,1.398,1.526,1.089,1.197,1.404,1.883,1.256,1.158,0.233,1.289,1.13,0.463,2.417,1.371,1.882,1.731,2.196,2.081,2.572,1.203,2.807
Belize,BZ,BLZ,0.175,0.445,0.733,0.948,0.701,0.849,0.655,0.85,0.579,0.922,0.843,0.724,0.644,0.785,0.697,1.502,1.446,1.342,0.85,1.556,1.716,1.286,1.031
Benin,BJ,BEN,0.449,0.517,0.721,0.936,0.706,1.105,1.035,0.806,0.632,0.95,1.23,0.949,0.595,0.853,0.94,1.111,1.025,1.16,1.056,1.147,1.031,1.522,0.884
Bhutan,BT,BTN,0.214,0.72,0.492,0.498,0.476,0.745,0.955,0.978,0.555,1.394,1.202,0.534,0.512,0.742,0.86,1.068,1.487,1.457,1.346,1.329,1.09,1.707,1.523
Bolivia,BO,BOL,0.403,0.653,1.016,0.641,0.846,0.764,0.935,0.537,0.396,0.658,0.68,1.165,0.831,0.507,0.955,1.533,0.824,0.981,0.562,0.921,1.315,0.738,0.644
Bosnia and Herzegovina,BA,BIH,1.525,1.527,1.141,1.088,0.584,0.124,0.594,1.861,1.373,1.379,0.954,1.117,1.756,1.319,1.823,1.813,1.673,1.419,2.275,1.987,1.88,1.598,2.091
Botswana,BW,BWA,-0.718,-0.186,0.359,0.74,-0.133,1.039,-0.505,0.23,0.153,-0.319,0.936,-0.048,0.473,0.77,-0.092,1.546,1.469,0.017,0.734,1.525,0.493,-0.425,-1.305
Brazil,BR,BRA,0.495,0.746,1.052,0.927,0.768,1.085,0.77,0.969,0.731,0.969,1.112,0.814,1.023,0.922,1.153,1.516,1.457,1.363,1.148,1.517,1.477,1.154,0.926
British Virgin Islands,VG,VGB,0.192,0.57,0.741,0.843,0.548,0.825,0.76,1.007,0.406,0.621,1.053,0.393,0.61,0.782,0.878,1.065,1.204,0.971,0.703,0.915,1.317,0.956,0.875
Brunei,BN,BRN,0.485,0.602,0.669,0.735,0.673,0.893,0.718,0.743,0.511,0.875,1.012,0.725,0.912,1.195,1.028,1.281,1.74,1.468,1.41,1.624,1.783,1.458,1.446
Bulgaria,BG,BGR,1.184,1.648,0.854,0.181,0.533,0.215,0.571,1.883,1.177,1.291,1.361,0.422,1.678,1.476,1.196,1.438,1.899,0.954,2.192,2.112,2.037,1.629,1.831
Burkina Faso,BF,BFA,0.537,0.502,1.015,0.986,0.867,1.449,1.162,0.867,0.297,0.942,1.25,1.001,0.492,0.849,0.888,1.111,1.075,1.212,1.156,1.065,1.044,1.624,0.802
Burundi,BI,BDI,0.537,0.459,0.887,1.032,1.122,0.839,0.835,1.242,0.692,0.892,1.106,0.763,0.808,0.897,0.986,1.215,1.446,1.282,1.125,1.412,1.477,1.327,1.315
Cape Verde,CV,CPV,1.039,1.329,1.478,1.569,1.604,1.171,1.356,0.821,1.302,0.772,1.106,1.372,1.338,1.331,1.083,1.071,1.692,2.0,0.926,1.622,1.477,1.765,1.853
Cambodia,KH,KHM,0.296,0.571,0.836,0.711,0.594,0.781,0.767,0.604,0.43,0.453,1.225,0.424,0.875,1.005,0.614,1.081,1.473,1.095,0.787,1.552,1.401,0.912,0.948
Cameroon,CM,CMR,0.319,0.198,0.77,0.707,0.779,1.004,0.983,0.626,0.653,1.047,1.181,0.655,0.416,0.707,0.882,1.16,1.213,1.165,1.156,1.45,1.281,1.47,1.044
Canada,CA,CAN,1.291,1.421,0.54,1.24,0.485,1.282,2.343,1.333,0.851,0.539,2.915,1.438,2.144,1.182,0.288,1.231,2.373,1.48,0.477,1.311,1.128,2.515,1.268
Cayman Islands,KY,CYM,0.537,0.728,0.84,0.844,0.729,0.987,0.925,1.077,0.884,0.787,0.989,0.675,0.743,0.899,1.106,1.347,1.284,1.257,0.865,1.237,1.278,0.957,0.974
Central African Republic,CF,CAF,0.683,0.4,0.745,0.845,0.957,0.983,0.967,0.537,0.682,1.119,1.162,0.763,0.491,0.865,0.697,0.983,1.222,1.224,1.145,1.264,1.14,1.268,1.032
Chad,TD,TCD,0.281,0.291,0.797,0.838,0.831,1.148,1.368,0.605,0.466,1.236,1.181,0.969,0.553,1.013,0.856,1.294,0.939,1.026,1.527,1.306,1.192,1.146,0.738
Chile,CL,CHL,-0.179,0.054,0.14,0.312,0.563,0.275,0.575,-0.219,0.502,0.52,-0.015,0.206,0.699,0.434,0.488,0.848,1.022,0.873,0.538,0.683,0.947,0.877,0.407
Hong Kong,HK,HKG,0.298,0.854,0.961,0.99,0.701,0.733,0.897,1.008,0.415,0.91,0.367,0.333,0.53,0.763,0.703,1.175,0.77,1.338,1.183,1.776,1.882,2.017,1.432
Macau,MO,MAC,0.298,0.854,0.961,0.99,0.701,0.733,0.897,1.008,0.415,0.91,0.367,0.333,0.53,0.763,0.703,1.175,0.77,1.338,1.183,1.776,1.882,2.017,1.432
China,CN,CHN,0.572,1.038,1.131,0.822,1.112,1.048,1.232,1.538,1.09,1.336,0.968,0.792,0.626,1.073,1.062,1.297,1.319,1.573,1.361,1.422,1.62,1.701,1.906
Colombia,CO,COL,-0.009,0.438,0.675,0.693,0.585,0.681,0.531,0.641,0.385,0.856,1.037,0.467,0.668,0.834,0.854,1.249,1.08,0.82,1.137,1.397,1.583,1.073,0.874
Comoros,KM,COM,0.01,0.159,0.613,0.291,0.213,0.309,0.115,0.448,0.28,0.639,0.88,0.516,0.479,0.415,0.509,0.725,0.7,0.95,0.705,1.296,1.03,0.65,0.521
Democratic Republic of the Congo,CD,COD,0.537,0.393,0.872,0.961,0.913,1.014,0.844,0.768,0.664,0.928,1.347,0.844,0.523,1.003,0.976,1.053,1.546,1.32,1.45,1.483,1.692,1.658,1.48
Republic of the Congo,CG,COG,0.404,0.356,0.752,0.852,0.891,0.912,0.808,0.831,0.74,0.819,1.255,0.651,0.667,0.811,0.744,1.075,1.479,1.159,1.245,1.411,1.5,1.355,1.245
Cook Islands,CK,COK,0.303,0.402,0.292,0.262,0.257,0.115,0.314,0.344,0.208,0.077,0.604,0.548,0.258,0.455,0.158,-0.43,0.31,0.675,0.238,0.22,0.274,0.568,0.479
Costa Rica,CR,CRI,-0.017,0.608,0.894,0.864,0.796,0.584,0.775,0.75,0.349,1.052,0.989,0.564,0.808,0.897,0.986,1.215,1.446,1.282,1.125,1.412,1.477,1.327,1.315
Croatia,HR,HRV,1.601,1.57,1.233,1.244,0.633,0.253,0.68,1.938,1.416,1.454,0.821,1.22,1.809,1.232,2.004,1.895,1.807,1.523,2.282,2.082,1.989,1.582,2.209
Cuba,CU,CUB,0.508,0.535,0.945,1.089,0.872,0.787,0.914,0.902,0.642,0.93,0.957,0.538,0.611,0.885,1.144,1.439,1.37,1.275,1.177,1.634,1.722,1.304,1.437
Cyprus,CY,CYP,0.618,1.161,0.836,0.585,0.614,0.335,0.622,0.814,1.031,0.983,2.03,0.715,0.97,1.238,1.048,1.139,1.493,0.776,2.119,1.524,1.668,1.994,1.237
Czech Republic,CZ,CZE,1.914,1.228,1.531,1.081,0.822,0.752,0.957,2.175,1.654,1.435,0.425,1.054,1.596,0.797,2.527,2.141,2.1,1.616,2.672,2.561,2.361,1.321,2.394
Denmark,DK,DNK,1.719,1.044,1.652,0.707,1.032,1.282,1.349,2.136,1.853,1.32,-0.199,0.677,1.139,0.397,2.677,1.516,1.852,1.619,2.109,2.18,2.633,1.69,2.219
Djibouti,DJ,DJI,0.834,0.811,1.363,1.468,0.953,1.206,0.889,0.864,0.302,1.404,1.037,0.902,0.808,1.23,1.093,1.586,1.349,1.811,1.421,1.465,1.533,1.129,1.547
Dominica,DM,DMA,0.282,0.518,0.684,0.782,0.491,0.819,0.718,0.871,0.401,0.539,1.193,0.591,0.703,0.715,0.704,0.918,1.057,0.821,0.561,0.752,1.087,0.727,0.688
Dominican Republic,DO,DOM,0.629,0.909,0.96,1.235,0.806,0.967,1.003,1.26,0.667,0.71,1.222,0.543,0.746,1.208,1.106,1.339,1.016,1.032,1.158,1.266,1.488,0.995,0.982
Ecuador,EC,ECU,0.244,0.478,0.777,0.83,0.835,0.837,0.808,0.818,0.702,0.961,1.087,0.783,0.663,0.491,1.011,1.393,1.55,1.155,0.967,1.279,1.509,1.032,0.736
Egypt,EG,EGY,0.054,0.656,0.827,0.73,0.647,0.511,0.726,0.602,0.937,0.921,2.325,0.629,0.939,1.049,1.254,1.211,1.396,0.616,2.049,1.04,1.117,1.727,0.655
El Salvador,SV,SLV,0.318,0.572,0.69,0.878,0.639,0.513,0.495,0.43,0.199,0.788,0.496,0.508,0.634,0.619,0.654,1.285,1.26,0.723,0.774,0.972,1.484,0.999,0.658
Equatorial Guinea,GQ,GNQ,0.362,0.375,0.631,0.851,0.742,0.773,0.656,0.815,0.685,0.824,0.979,0.677,0.583,0.769,0.856,0.849,1.462,1.308,0.839,1.602,1.479,1.195,1.247
Eritrea,ER,ERI,0.561,0.498,1.077,0.666,1.127,0.798,0.928,0.275,1.097,1.759,1.644,1.478,1.476,1.186,0.985,1.814,0.99,1.309,0.976,0.907,1.477,1.49,0.53
Estonia,EE,EST,2.066,1.838,1.483,0.234,1.184,1.597,1.262,2.269,2.607,1.622,0.554,1.299,1.47,1.183,2.447,2.377,1.936,1.502,2.413,2.218,3.625,2.167,1.961
Swaziland,SZ,SWZ,-0.061,0.517,0.601,0.715,0.525,1.153,0.365,1.133,0.64,0.383,1.287,0.897,0.696,0.566,0.781,1.235,1.216,0.688,1.064,1.623,0.77,0.669,1.371
Ethiopia,ET,ETH,0.565,0.729,1.031,1.092,0.834,1.092,1.003,0.88,0.832,1.339,1.276,1.174,1.104,1.229,1.187,1.442,1.532,1.496,0.986,1.32,1.343,1.516,1.455
Falkland Islands,FK,FLK,0.537,0.728,0.84,0.844,0.729,0.839,0.835,0.921,0.692,0.892,1.106,0.763,0.808,0.897,0.986,1.215,1.446,1.282,1.125,1.412,1.477,1.327,1.315
Faroe Islands,FO,FRO,0.188,0.461,1.034,1.604,1.019,0.487,1.136,0.952,0.89,1.441,0.26,1.055,0.359,0.597,1.764,0.813,0.803,1.49,0.831,0.877,0.839,1.012,1.396
Fiji,FJ,FJI,0.706,0.728,0.72,0.581,0.526,0.698,0.636,1.032,0.584,0.409,0.978,0.898,0.589,0.916,0.646,0.517,0.97,1.127,0.953,1.065,1.237,1.075,1.346
Finland,FI,FIN,2.024,1.365,1.171,0.713,1.233,2.201,1.204,1.946,2.13,1.695,0.242,1.354,1.54,1.424,2.591,2.613,2.151,1.487,2.157,1.452,3.317,1.938,2.062
France,FR,FRA,1.175,1.391,1.054,1.8,0.969,1.02,1.306,1.407,0.992,1.212,0.395,1.534,1.22,0.714,2.049,1.612,1.794,1.796,2.06,2.023,2.551,1.337,2.929
French Polynesia,PF,PYF,0.329,0.502,0.796,0.703,0.531,0.672,0.841,0.85,0.357,0.8,0.76,0.214,0.722,0.536,0.616,0.681,1.127,0.901,0.631,0.857,0.829,0.791,0.359
Gabon,GA,GAB,0.307,0.286,0.662,0.893,0.831,0.808,0.737,0.926,0.782,0.824,1.08,0.657,0.615,0.794,0.805,1.024,1.505,1.353,1.026,1.534,1.377,1.063,0.994
Gambia,GM,GMB,0.958,1.316,1.38,1.103,1.188,1.498,1.221,1.09,1.376,0.688,1.324,1.06,0.89,1.001,1.188,1.2,1.635,1.741,1.028,1.349,1.77,1.675,1.323
Georgia,GE,GEO,0.967,1.286,1.06,-0.239,0.923,0.542,1.277,0.908,0.699,0.714,2.486,0.432,1.22,1.401,1.277,1.78,1.365,0.809,2.51,1.753,2.006,1.65,1.51
Germany,DE,DEU,1.764,1.292,1.491,1.258,0.998,1.025,1.254,2.088,1.542,1.282,0.196,1.121,1.349,0.583,2.519,1.674,1.988,1.653,2.393,2.332,2.516,1.325,2.596
Ghana,GH,GHA,0.43,0.565,0.825,0.988,0.739,0.967,0.991,0.946,0.698,0.884,1.276,0.883,0.614,0.841,0.887,1.132,1.217,1.292,1.081,1.32,1.284,1.494,0.996
Gibraltar,GI,GIB,0.829,1.28,0.862,1.4,1.027,0.841,1.425,0.83,0.982,1.283,1.318,1.618,0.924,0.869,1.417,1.382,1.726,2.005,0.739,1.3,1.923,1.504,2.228
Greece,GR,GRC,0.679,1.314,0.435,0.385,0.337,0.213,0.254,1.08,0.881,0.771,1.584,0.394,1.235,1.317,1.06,0.904,1.561,0.642,1.905,1.381,1.307,1.655,1.04
Greenland,GL,GRL,0.839,0.831,1.186,2.328,1.469,1.878,1.717,1.363,0.959,0.851,3.058,1.684,1.625,1.381,1.447,0.205,2.381,1.21,0.934,2.206,1.274,2.482,1.413
Grenada,GD,GRD,0.462,0.691,0.627,0.905,0.433,1.004,0.739,0.678,0.502,0.507,1.201,0.677,0.584,0.776,0.641,0.837,0.945,0.92,0.543,1.169,1.235,0.767,0.698
Guadeloupe,GP,GLP,0.279,0.557,0.695,0.816,0.507,0.827,0.698,0.921,0.405,0.547,1.137,0.539,0.671,0.75,0.763,0.998,1.095,0.907,0.62,0.803,1.16,0.826,0.773
Guatemala,GT,GTM,0.31,0.344,0.556,0.99,0.611,0.801,0.612,0.597,0.213,0.692,0.685,0.429,0.52,0.624,0.638,1.143,1.425,1.069,0.884,1.418,1.728,1.406,0.916
Guinea,GN,GIN,0.651,0.792,1.13,0.979,1.04,1.19,1.117,0.974,1.113,0.931,1.321,1.095,0.556,1.068,0.857,1.155,1.167,1.522,1.188,1.408,1.26,1.559,1.195
Guinea-Bissau,GW,GNB,0.996,1.244,1.281,1.04,1.171,1.401,1.186,1.034,1.362,0.811,1.328,1.092,0.795,1.055,1.168,1.192,1.572,1.674,1.125,1.419,1.663,1.66,1.295
Guyana,GY,GUY,0.658,0.825,1.074,0.948,0.942,1.321,1.003,1.025,0.558,1.162,1.115,0.968,0.958,0.894,1.071,1.352,1.506,1.149,1.137,1.178,1.4,0.875,1.066
Haiti,HT,HTI,0.858,0.758,0.953,1.24,0.888,1.042,0.935,1.151,0.624,0.806,1.206,0.489,0.759,1.133,1.306,1.384,1.164,1.061,1.277,1.507,1.537,0.883,1.095
Vatican,VA,VAT,1.177,1.487,0.716,1.501,0.478,0.479,0.609,1.305,0.958,1.042,0.774,1.047,1.492,0.866,1.37,1.518,1.598,1.318,1.837,1.591,1.734,1.546,2.028
Honduras,HN,HND,0.128,0.396,0.776,0.672,0.491,0.956,0.621,0.769,0.566,0.811,0.806,0.73,0.639,0.915,0.666,1.126,1.368,1.034,0.804,1.233,1.813,1.098,0.723
Hungary,HU,HUN,1.733,1.391,1.423,0.71,0.543,0.236,0.699,2.142,1.495,1.613,0.806,0.891,1.727,1.159,2.229,2.067,1.89,1.336,2.524,2.353,1.99,1.43,2.142
Iceland,IS,ISL,0.274,0.584,0.784,1.784,1.235,0.448,1.032,1.101,0.753,0.907,1.147,0.959,0.667,0.687,1.66,0.419,1.411,1.694,0.82,1.339,0.786,0.921,1.201
India,IN,IND,0.35,0.473,0.827,0.665,0.545,0.567,0.638,0.607,0.263,1.134,1.129,0.365,0.516,0.451,0.53,0.711,1.088,0.966,0.874,0.802,0.52,0.733,0.79
Indonesia,ID,IDN,0.275,0.53,0.607,0.594,0.54,0.71,0.422,0.464,0.223,0.563,0.766,0.306,0.459,0.799,0.812,0.841,1.488,1.055,0.973,1.118,1.322,1.11,1.085
Iran,IR,IRN,1.215,1.525,1.716,0.943,1.528,0.828,1.847,0.874,1.136,1.177,2.214,1.345,1.09,1.642,1.079,1.856,1.669,1.737,2.044,1.597,1.346,2.176,2.37
Iraq,IQ,IRQ,0.995,1.289,1.168,0.96,1.084,0.526,1.621,0.935,1.155,0.881,2.712,0.91,1.293,1.263,1.175,1.94,1.672,1.572,2.406,1.626,1.857,2.644,2.147
Ireland,IE,IRL,0.577,0.551,0.83,1.024,0.9,1.175,1.159,1.345,0.836,0.804,-0.104,0.559,0.705,0.568,1.357,0.449,1.04,1.264,0.783,1.201,1.075,1.019,1.764
Isle of Man,IM,IMN,0.636,0.516,0.891,1.049,0.952,1.165,1.229,1.321,0.829,0.874,-0.111,0.681,0.61,0.428,1.515,0.441,1.118,1.367,0.881,1.175,1.199,1.02,1.84
Israel,IL,ISR,0.25,0.855,0.729,0.559,0.556,0.199,0.593,0.521,0.724,0.824,2.321,0.578,1.035,1.108,0.871,1.331,1.607,0.735,2.003,1.212,1.451,1.786,1.079
Italy,IT,ITA,1.243,1.533,0.913,1.526,0.746,0.563,0.84,1.552,1.133,1.234,0.755,1.253,1.543,1.006,1.638,1.704,1.716,1.606,1.834,1.698,1.902,1.569,2.135
Jamaica,JM,JAM,0.408,0.661,0.943,1.119,0.95,1.037,1.029,0.939,0.551,0.819,1.183,0.578,0.719,0.988,1.212,1.401,1.395,1.076,1.249,1.524,1.623,1.267,1.14
Japan,JP,JPN,0.636,0.418,0.63,0.326,1.116,0.737,0.39,1.004,0.671,0.801,0.922,0.596,0.395,0.628,0.56,0.833,1.323,0.796,0.926,1.272,1.437,1.27,1.335
Jordan,JO,JOR,0.375,0.983,0.666,0.498,0.62,0.103,0.752,0.516,0.732,0.549,2.625,0.506,1.067,1.002,0.787,1.429,1.641,0.92,1.972,1.281,1.617,1.923,1.358
Kazakhstan,KZ,KAZ,1.502,1.655,2.255,0.13,2.15,1.551,1.442,2.197,1.549,1.195,1.306,0.746,1.151,1.621,0.673,1.609,2.24,1.757,0.641,1.487,2.853,1.465,2.712
Kenya,KE,KEN,0.521,0.602,0.734,0.879,0.648,0.762,0.89,0.634,0.824,1.293,1.106,1.137,1.026,0.93,1.024,1.164,1.237,1.5,0.675,1.624,1.344,1.421,1.28
Kiribati,KI,KIR,0.125,0.406,0.508,0.591,0.729,0.839,0.571,0.547,0.25,0.603,0.312,0.328,0.428,0.628,0.768,0.902,1.229,1.041,0.947,0.949,1.425,1.327,1.315
North Korea,KP,PRK,0.594,0.859,0.844,0.926,1.576,0.847,0.694,1.605,1.525,1.064,0.384,0.523,0.419,0.304,1.518,1.217,1.419,1.593,0.863,1.826,1.864,1.857,1.61
South Korea,KR,KOR,0.414,0.893,0.65,0.618,1.185,0.918,0.478,1.237,0.946,0.95,0.498,0.31,0.402,0.519,0.987,0.944,1.637,1.459,0.966,1.485,1.551,1.762,1.659
Kuwait,KW,KWT,1.28,1.27,1.604,1.564,1.519,0.724,1.911,1.085,1.434,1.323,2.602,1.373,1.562,1.349,1.451,2.104,1.695,1.962,2.358,1.895,1.975,2.676,2.275
Kyrgyzstan,KG,KGZ,1.131,1.503,1.481,0.494,1.569,1.21,1.677,1.743,1.035,1.027,1.402,1.27,0.353,1.428,0.541,1.546,1.898,1.478,1.28,1.679,1.427,1.417,2.619
Laos,LA,LAO,0.094,0.766,0.664,1.037,0.48,0.961,0.929,0.649,0.334,0.696,1.431,0.214,1.048,1.22,0.837,1.497,1.519,1.243,0.955,2.2,1.719,1.287,1.112
Latvia,LV,LVA,2.022,1.83,1.73,0.253,1.027,1.355,1.087,2.206,2.403,1.524,0.704,1.151,1.408,1.082,2.33,2.166,1.946,1.503,2.36,2.462,3.55,1.987,1.953
Lebanon,LB,LBN,0.544,1.146,0.833,0.626,0.647,0.28,0.72,0.728,0.989,0.844,2.353,0.663,1.045,1.26,1.051,1.383,1.629,1.023,2.154,1.412,1.623,2.039,1.29
Lesotho,LS,LSO,0.326,0.594,0.621,0.775,0.829,0.891,0.358,0.664,0.355,0.417,1.025,0.331,0.66,0.867,1.091,1.529,2.015,1.215,1.101,1.668,0.791,1.204,1.372
Liberia,LR,LBR,0.56,0.513,0.875,0.938,0.911,1.108,1.119,1.041,1.131,1.365,1.42,1.102,0.869,0.983,0.934,1.288,1.412,1.539,1.306,1.494,1.593,1.474,1.556
Libya,LY,LBY,0.306,1.291,0.905,0.95,0.745,0.717,0.81,0.86,0.879,0.764,2.074,0.819,0.77,1.24,1.237,0.711,1.587,0.525,1.737,0.92,1.174,1.924,0.559
Liechtenstein,LI,LIE,1.464,1.44,1.382,1.67,0.899,0.663,0.955,1.931,1.385,1.405,0.48,1.657,1.611,0.927,2.232,2.046,2.028,1.795,2.26,2.079,2.367,1.232,2.534
Lithuania,LT,LTU,2.026,1.804,1.917,0.182,0.883,1.206,0.923,2.196,2.221,1.396,0.766,0.957,1.37,0.967,2.238,2.095,1.944,1.542,2.427,2.642,3.445,1.792,1.96
Luxembourg,LU,LUX,1.651,1.433,1.393,1.692,1.013,1.129,1.357,1.94,1.279,1.188,0.325,1.343,1.262,0.569,2.475,1.528,1.877,1.647,2.468,2.155,2.632,1.158,2.926
Madagascar,MG,MDG,0.451,0.64,0.58,0.682,0.505,0.599,0.838,0.735,0.559,0.9,1.188,1.132,0.88,0.749,0.777,1.134,1.147,1.379,0.983,1.438,1.137,1.194,0.86
Malawi,MW,MWI,0.797,0.592,0.963,0.982,0.879,1.366,0.997,0.904,0.512,0.648,1.03,0.771,0.925,0.676,1.129,1.141,1.361,1.016,1.022,1.22,1.306,0.762,0.816
Malaysia,MY,MYS,0.449,0.689,0.785,0.781,0.755,0.938,0.707,0.763,0.628,0.865,1.111,0.754,0.901,1.121,1.199,1.372,1.836,1.419,1.443,1.7,1.688,1.473,1.367
Maldives,MV,MDV,0.255,0.46,0.618,0.518,0.387,0.775,0.317,0.363,0.169,0.53,0.683,0.561,0.573,0.662,0.766,0.982,1.555,1.126,0.84,1.131,1.17,1.122,0.784
Mali,ML,MLI,0.647,0.583,1.246,1.238,1.214,1.396,1.097,0.933,0.548,0.96,1.63,1.207,0.426,0.969,0.787,1.017,1.089,1.347,1.04,1.089,1.01,1.687,0.887
Malta,MT,MLT,1.055,1.669,0.942,1.401,0.699,0.67,0.996,1.398,1.271,1.08,1.243,1.013,1.44,1.343,1.507,1.403,1.748,1.224,1.441,1.29,1.643,2.123,1.955
Marshall Islands,MH,MHL,-0.159,0.165,0.324,0.29,0.435,0.364,0.275,0.219,-0.029,0.174,0.345,0.155,0.539,0.544,0.564,0.464,0.783,0.569,0.354,0.562,0.672,0.384,0.007
Martinique,MQ,MTQ,0.262,0.506,0.681,0.802,0.515,0.834,0.736,0.846,0.407,0.553,1.177,0.596,0.699,0.714,0.674,0.892,1.034,0.8,0.54,0.752,1.092,0.716,0.684
Mauritania,MR,MRT,1.2,1.36,1.353,1.36,1.49,1.389,1.444,1.06,1.321,0.968,2.02,1.671,0.942,1.588,1.48,1.563,1.825,2.141,1.086,1.435,1.919,1.855,1.711
Mauritius,MU,MUS,0.173,0.499,0.401,0.69,0.313,0.381,0.312,0.537,0.294,0.797,1.076,0.865,0.665,0.797,0.905,1.158,1.084,1.319,1.051,1.462,1.109,0.987,0.595
Mayotte,YT,MYT,0.086,0.248,0.694,0.367,0.234,0.369,0.173,0.594,0.383,0.704,0.947,0.684,0.614,0.49,0.685,0.911,0.815,1.04,0.823,1.383,1.133,0.824,0.678
Mexico,MX,MEX,0.634,0.549,0.73,0.894,0.365,0.806,0.93,0.503,0.558,1.053,0.306,1.026,0.948,0.798,0.911,1.141,1.346,1.629,1.24,1.378,1.726,1.163,1.249
Micronesia,FM,FSM,-0.029,0.115,0.017,0.074,0.154,0.098,0.18,0.097,-0.116,0.04,0.217,0.103,0.473,0.59,0.438,0.486,0.868,0.877,0.727,0.543,0.806,0.598,0.627
Moldova,MD,MDA,1.498,1.715,1.455,-0.181,0.721,0.854,0.253,2.369,1.532,1.774,1.365,0.491,2.089,1.364,1.445,2.015,2.092,1.411,2.103,2.405,3.06,1.339,2.143
Monaco,MC,MCO,1.112,1.381,0.916,1.645,0.851,0.806,1.183,1.643,1.103,1.468,0.452,1.403,1.396,0.724,1.811,1.902,1.773,1.962,1.94,1.919,2.2,1.5,2.737
Mongolia,MN,MNG,0.98,1.684,1.786,0.49,1.76,0.923,1.221,2.729,1.759,1.397,0.306,0.757,0.23,1.024,1.879,2.131,1.391,2.493,2.207,1.847,2.353,1.994,2.197
Montenegro,ME,MNE,0.537,0.728,0.84,0.844,0.729,0.839,0.479,1.702,1.267,1.227,1.185,0.985,1.653,1.444,1.503,1.702,1.474,1.275,2.232,1.823,1.706,1.596,1.865
Montserrat,MS,MSR,0.335,0.728,0.634,0.783,0.501,0.843,0.659,0.934,0.394,0.498,1.153,0.586,0.696,0.783,0.744,1.035,1.097,0.958,0.627,0.797,1.131,0.862,0.77
Morocco,MA,MAR,0.845,1.745,1.108,1.593,1.029,1.188,1.389,0.93,1.069,1.16,2.02,1.698,1.299,1.233,1.603,1.115,1.84,2.131,0.597,1.466,2.107,1.798,2.303
Mozambique,MZ,MOZ,0.375,0.481,0.683,0.589,0.437,1.045,0.581,0.647,0.384,0.585,1.105,0.812,0.746,0.479,0.716,1.034,1.262,0.837,0.81,1.209,1.026,0.687,0.834
Myanmar,MM,MMR,0.223,0.634,0.676,0.653,0.6,0.932,0.855,0.507,0.495,0.918,1.203,0.51,0.915,0.986,0.902,1.245,1.443,1.328,1.064,1.726,1.669,1.656,1.436
Namibia,NA ,NAM,-0.041,0.414,0.918,1.293,0.858,0.815,-0.079,0.997,0.672,0.462,1.214,-0.478,-0.128,0.759,0.439,1.215,1.473,0.818,1.11,1.821,0.601,-0.059,0.239
Nauru,NR,NRU,0.537,0.728,0.84,0.844,0.729,0.839,0.835,0.921,0.692,0.892,1.106,0.763,0.808,0.897,0.986,1.215,1.446,1.282,1.125,1.412,1.477,1.327,1.315
Nepal,NP,NPL,0.082,0.448,0.551,0.306,0.351,0.678,0.796,0.727,0.347,1.119,1.138,0.231,0.402,0.189,0.337,0.654,1.169,1.071,0.627,0.854,0.229,0.632,1.132
Netherlands,NL,NLD,1.595,1.266,1.526,1.207,1.16,1.252,1.507,2.074,1.432,1.223,0.1,1.071,1.149,0.427,2.564,1.29,1.936,1.731,2.135,2.142,2.483,1.316,2.601
New Caledonia,NC,NCL,0.759,1.027,1.03,0.788,0.913,0.762,0.683,1.146,1.129,0.909,1.254,1.022,0.87,1.026,1.005,1.215,2.026,1.768,1.384,1.303,1.764,1.689,2.421
New Zealand,NZ,NZL,0.265,0.572,0.42,0.238,0.033,0.443,0.391,0.237,0.564,0.059,0.598,0.673,0.125,0.999,0.544,0.568,1.214,0.627,1.173,1.118,0.912,0.982,1.319
Nicaragua,NI,NIC,0.142,0.502,0.79,0.738,0.576,0.841,0.707,0.844,0.567,0.821,0.868,0.695,0.683,1.201,0.802,1.018,1.315,1.025,0.9,1.161,1.526,1.026,0.842
Niger,NE,NER,0.677,0.165,0.542,0.778,0.545,1.169,1.179,0.872,0.283,1.313,1.557,0.956,0.588,0.809,0.987,0.832,0.933,0.843,1.065,0.943,0.776,1.425,0.428
Nigeria,NG,NGA,0.526,0.225,0.776,0.776,0.698,1.182,1.204,0.816,0.585,1.301,1.426,0.852,0.526,0.922,1.012,1.187,1.168,1.17,1.093,1.229,1.127,1.559,0.791
Niue,NU,NIU,0.537,0.728,0.84,0.844,0.729,0.839,0.835,0.921,0.692,0.892,1.106,0.763,0.808,0.897,0.986,1.215,1.446,1.282,1.125,1.412,1.477,1.327,1.315
Norfolk Island,NF,NFK,-0.051,0.25,0.166,0.045,0.294,0.326,0.208,0.294,0.183,0.232,0.47,0.571,0.101,0.153,-0.005,0.532,1.05,0.717,0.7,0.667,0.705,0.613,1.225
Macedonia,MK,MKD,1.07,1.587,0.364,0.618,0.362,0.148,0.372,1.518,1.128,1.011,1.346,0.735,1.448,1.415,1.292,1.479,1.635,1.06,2.083,1.822,1.467,1.53,1.404
Norway,NO,NOR,1.427,0.613,1.386,1.089,1.3,1.759,1.504,1.702,1.619,1.393,-0.341,1.398,1.063,0.791,2.412,1.781,1.718,1.551,1.485,1.208,2.389,1.499,1.918
Oman,OM,OMN,0.554,0.661,0.891,0.838,0.778,0.814,0.838,0.652,0.537,0.728,1.104,0.84,0.754,0.473,0.485,1.213,0.933,1.421,1.121,0.89,0.496,1.329,1.055
Pakistan,PK,PAK,0.668,0.762,1.021,0.527,1.006,0.211,1.023,0.65,0.362,1.034,1.29,0.833,0.263,0.778,0.358,0.529,1.233,1.252,1.359,0.566,0.394,1.121,1.389
Palau,PW,PLW,0.399,0.436,0.555,0.365,0.552,0.387,0.427,0.525,0.692,0.65,0.598,0.573,0.77,0.885,0.952,1.201,1.264,1.133,1.205,1.412,1.477,1.468,1.672
Panama,PA,PAN,0.144,0.551,0.883,0.926,0.729,0.741,0.744,0.654,0.435,0.953,0.978,0.585,0.88,0.999,1.014,1.232,1.171,0.94,1.283,1.43,1.481,1.199,0.728
Papua New Guinea,PG,PNG,0.377,0.496,0.671,0.519,0.234,0.658,0.252,0.438,0.342,0.317,1.007,0.388,0.295,0.8,0.393,0.16,1.129,0.79,0.662,0.695,1.082,1.18,1.221
Paraguay,PY,PRY,0.101,0.609,1.074,0.721,0.394,0.511,0.915,0.252,0.259,0.897,0.326,0.601,0.825,0.327,1.119,1.493,0.25,1.15,0.539,1.276,1.369,0.696,0.649
Peru,PE,PER,0.325,0.49,0.754,0.769,0.682,0.813,0.809,0.555,0.604,0.869,1.063,0.791,0.808,0.647,0.883,1.256,1.454,0.978,0.734,1.048,1.778,1.287,0.878
Philippines,PH,PHL,0.673,0.825,0.733,0.795,0.687,0.782,0.831,0.875,0.574,0.718,1.065,0.62,0.912,1.057,0.96,1.155,1.603,1.3,1.329,1.407,1.56,1.431,1.405
Pitcairn,PN,PCN,0.332,0.089,0.428,-0.226,-0.622,-0.393,0.367,-0.057,-0.139,-0.299,-0.11,0.763,0.808,0.897,0.986,1.215,1.446,1.282,1.125,1.412,1.477,1.327,1.315
Poland,PL,POL,1.887,1.285,1.7,0.366,0.781,0.881,0.835,2.147,1.752,1.274,0.403,0.765,1.383,0.651,2.38,2.013,2.056,1.475,2.434,2.652,2.677,1.466,2.056
Portugal,PT,PRT,0.665,1.165,0.681,1.458,1.062,1.032,1.561,0.775,0.649,1.423,1.122,1.615,0.797,0.941,1.349,1.405,1.682,2.109,0.906,1.291,1.99,1.251,2.318
Puerto Rico,PR,PRI,0.273,0.743,0.893,1.06,0.567,0.865,0.821,1.071,0.52,0.651,1.177,0.531,0.762,0.774,0.869,1.093,1.203,0.967,0.848,0.95,1.349,0.922,0.848
Qatar,QA,QAT,0.944,0.97,1.436,1.179,1.228,0.842,1.652,0.989,1.162,1.114,2.001,1.444,1.376,1.212,1.541,1.971,1.515,1.893,2.004,1.84,1.734,2.165,1.855
Romania,RO,ROU,1.338,1.537,1.22,0.145,0.556,0.298,0.514,2.126,1.335,1.617,1.167,0.497,1.828,1.37,1.552,1.799,1.876,1.153,2.266,2.241,2.256,1.447,1.949
Russia,RU,RUS,1.319,0.813,1.589,0.992,1.397,1.702,0.551,2.49,2.223,1.192,0.88,1.704,1.933,1.166,1.753,2.246,2.459,2.127,2.043,2.178,3.691,1.643,2.261
Rwanda,RW,RWA,0.537,0.258,0.664,0.909,0.704,0.839,0.835,1.25,0.692,0.892,1.106,0.763,0.808,0.897,0.986,1.215,1.446,1.282,1.125,1.412,1.477,1.327,1.315
Saint Helena,SH,SHN,1.465,1.074,1.167,1.385,1.43,1.321,1.595,1.021,1.099,1.668,1.135,1.447,1.255,1.218,1.322,1.902,1.647,1.37,1.609,1.645,1.407,1.747,1.686
Saint Pierre and Miquelon,PM,SPM,1.095,0.522,0.009,0.166,0.562,0.898,1.813,0.385,0.444,0.69,1.311,1.147,1.992,1.292,0.375,0.106,0.854,0.36,0.682,0.05,0.742,2.32,1.944
Samoa,WS,WSM,0.537,0.815,1.063,0.633,0.105,0.735,0.325,0.942,0.578,0.892,1.246,0.719,0.834,1.167,1.071,0.91,1.44,1.336,1.09,1.44,1.332,1.169,1.156
San Marino,SM,SMR,1.403,1.684,1.135,1.636,0.852,0.408,0.832,1.808,1.26,1.362,0.696,1.28,1.687,0.992,1.607,1.833,1.768,1.7,1.971,1.822,1.995,1.529,2.115
Sao Tome and Principe,ST,STP,0.408,0.319,0.779,1.013,0.835,0.684,0.696,0.919,0.644,0.891,1.049,0.735,0.802,0.851,0.945,0.866,1.56,1.289,1.007,1.393,1.624,1.398,1.321
Saudi Arabia,SA,SAU,0.787,0.884,1.092,0.981,0.975,0.542,1.202,0.706,0.906,1.028,2.18,0.893,1.241,1.204,1.249,1.867,1.533,1.78,1.887,1.69,1.488,2.203,1.745
Senegal,SN,SEN,0.918,1.168,1.425,1.15,1.157,1.366,1.37,1.202,1.294,0.703,1.432,1.187,0.834,1.18,1.105,1.212,1.542,1.744,0.964,1.396,1.665,1.782,1.405
Serbia,RS,SRB,0.537,0.728,0.84,0.844,0.729,0.839,0.555,1.888,1.339,1.364,1.161,0.736,1.692,1.413,1.596,1.743,1.698,1.276,2.317,2.087,1.816,1.594,1.938
Seychelles,SC,SYC,0.406,0.734,0.518,0.719,0.304,0.513,0.537,0.813,0.5,0.82,1.019,0.927,0.922,0.749,0.863,1.169,1.1,1.184,0.917,1.377,1.434,1.032,0.872
Sierra Leone,SL,SLE,0.537,0.848,1.005,0.814,1.034,1.194,1.109,0.795,1.243,0.9,1.405,1.134,0.533,1.058,1.037,1.16,1.086,1.728,1.234,1.561,1.526,1.565,1.328
Singapore,SG,SGP,0.537,0.728,0.776,0.844,0.729,0.839,0.835,0.921,0.692,0.892,1.059,0.74,0.826,1.15,1.331,1.537,2.038,1.587,1.37,1.878,1.585,1.3,1.311
Slovakia,SK,SVK,1.621,1.237,1.376,0.648,0.539,0.395,0.629,2.148,1.523,1.496,0.685,0.84,1.569,0.949,2.379,2.122,1.959,1.276,2.549,2.42,2.027,1.287,2.018
Slovenia,SI,SVN,1.782,1.706,1.498,1.426,0.726,0.476,0.86,2.165,1.574,1.628,0.769,1.354,1.931,1.234,2.431,2.125,2.046,1.721,2.412,2.34,2.228,1.524,2.435
Solomon Islands,SB,SLB,0.563,0.728,0.84,0.592,0.752,0.792,0.549,0.962,0.692,0.319,0.69,0.797,0.887,0.789,0.766,0.674,1.446,1.282,1.125,1.412,1.185,0.955,1.038
Somalia,SO,SOM,0.421,0.83,0.82,1.047,0.465,1.07,0.845,0.958,0.677,1.29,1.091,1.057,0.976,1.089,1.121,1.467,1.267,1.623,0.709,1.528,1.724,1.532,1.449
South Africa,ZA,ZAF,0.271,0.516,0.453,0.791,0.874,1.031,0.361,0.721,0.575,0.662,1.083,0.446,0.508,0.655,0.838,1.3,1.562,1.103,1.016,1.811,0.89,0.809,1.094
South Sudan,SS,SSD,0.537,0.728,0.84,0.844,0.729,0.839,0.835,0.921,0.692,0.892,1.106,1.462,1.254,1.325,0.965,1.139,1.292,1.299,1.192,1.001,0.69,1.168,0.983
Spain,ES,ESP,0.81,1.406,0.812,1.598,1.004,0.902,1.526,0.835,0.864,1.36,0.908,1.613,1.043,0.906,1.603,1.533,1.714,2.036,1.149,1.534,2.083,1.431,2.489
Sri Lanka,LK,LKA,0.462,0.698,0.852,0.759,0.673,0.722,0.496,0.496,0.421,0.783,1.105,0.739,0.977,0.862,0.997,1.006,1.369,1.095,0.823,1.275,1.315,1.034,1.004
Saint Kitts and Nevis,KN,KNA,0.335,0.728,0.634,0.783,0.501,0.843,0.659,0.934,0.394,0.498,1.153,0.586,0.696,0.783,0.744,1.035,1.097,0.958,0.627,0.797,1.131,0.862,0.77
Saint Lucia,LC,LCA,0.337,0.573,0.643,0.864,0.517,0.941,0.758,0.752,0.436,0.523,1.177,0.642,0.625,0.744,0.619,0.861,0.999,0.844,0.532,0.967,1.161,0.732,0.689
Saint Vincent and the Grenadines,VC,VCT,0.459,0.689,0.627,0.91,0.438,1.0,0.739,0.681,0.505,0.504,1.2,0.684,0.581,0.773,0.642,0.839,0.949,0.911,0.539,1.169,1.229,0.761,0.698
Sudan,SD,SDN,0.537,0.728,0.84,0.844,0.729,0.839,0.835,0.921,0.692,0.892,1.106,0.881,1.032,1.147,0.952,1.502,1.172,1.21,1.227,0.881,0.458,1.241,0.773
Suriname,SR,SUR,0.657,0.781,1.01,1.069,1.097,1.426,1.003,0.98,1.076,1.414,1.509,1.074,0.986,1.118,1.136,1.309,1.79,1.439,1.25,1.53,1.682,1.277,1.296
Sweden,SE,SWE,1.721,1.071,1.566,0.914,1.198,1.825,1.485,1.938,1.954,1.432,-0.279,1.267,1.313,0.857,2.704,2.069,1.841,1.588,1.844,1.568,2.943,1.846,2.11
Switzerland,CH,CHE,1.42,1.45,1.258,1.848,0.974,0.808,1.091,1.804,1.195,1.371,0.459,1.667,1.512,0.782,2.169,1.972,1.859,1.837,2.343,2.096,2.514,1.181,2.798
Syria,SY,SYR,0.668,1.163,0.872,0.542,0.644,0.226,1.017,0.786,1.033,0.635,2.475,0.656,1.044,1.383,1.213,1.319,1.796,1.142,2.389,1.562,1.868,2.238,1.535
Taiwan,TW,TWN,0.427,0.784,0.922,0.871,0.442,0.662,0.72,0.79,0.593,0.789,0.535,0.086,0.376,0.685,0.704,0.718,1.01,1.351,1.108,1.304,1.728,1.898,1.383
Tajikistan,TJ,TJK,0.938,1.41,1.206,0.496,1.302,0.764,1.568,1.202,0.909,0.81,1.342,1.438,-0.032,1.255,0.461,1.301,1.645,1.288,1.66,1.325,1.034,0.945,2.074
Tanzania,TZ,TZA,0.53,0.433,0.646,1.01,0.899,1.035,0.836,0.77,0.462,0.892,1.013,0.723,0.82,0.885,0.935,1.102,0.995,1.45,1.055,1.399,1.091,1.126,0.911
Thailand,TH,THA,0.14,0.733,0.734,0.869,0.625,0.974,0.773,0.638,0.496,0.605,1.405,0.36,1.023,1.234,0.845,1.392,1.659,1.202,0.954,1.857,1.596,1.112,1.014
East Timor,TL,TLS,0.537,0.728,0.84,0.552,0.618,1.22,0.323,0.586,0.295,0.727,0.971,-0.083,0.101,0.683,0.583,0.742,1.88,1.154,0.96,1.172,1.996,1.416,1.315
Togo,TG,TGO,0.523,0.641,0.732,0.973,0.703,0.932,0.968,0.847,0.711,0.876,1.249,0.866,0.571,0.754,0.923,1.096,1.125,1.243,1.123,1.273,1.134,1.554,0.975
Tokelau,TK,TKL,0.537,0.728,0.84,0.844,0.729,0.839,0.835,0.921,0.692,0.892,1.106,0.763,0.808,0.897,0.986,1.215,1.446,1.282,1.125,1.412,1.477,1.327,1.315
Tonga,TO,TON,0.272,0.564,0.78,0.455,0.632,0.769,0.55,0.821,0.292,0.356,0.869,0.602,0.671,0.807,0.713,0.759,1.284,1.077,1.021,1.599,1.398,1.19,0.846
Trinidad and Tobago,TT,TTO,0.512,0.715,0.603,0.818,0.379,1.145,0.731,0.627,0.463,0.573,1.247,0.577,0.626,0.792,0.692,0.824,0.925,1.177,0.667,1.191,1.395,0.952,0.714
Tunisia,TN,TUN,1.014,1.992,1.25,1.697,0.916,1.047,1.271,1.388,1.374,0.865,1.752,1.038,1.607,1.47,1.879,1.192,1.896,1.377,1.507,1.34,2.015,2.555,2.291
Turkmenistan,TM,TKM,1.302,1.533,1.804,0.057,1.652,1.303,1.697,1.127,0.731,1.064,1.891,1.098,0.78,1.643,0.714,1.427,2.02,1.692,1.524,1.818,1.528,1.647,2.528
Turks and Caicos Islands,TC,TCA,0.592,1.002,0.885,1.321,0.86,0.967,1.009,1.331,0.649,0.74,1.185,0.595,0.777,1.307,1.247,1.471,0.831,1.063,1.125,1.456,1.547,0.94,0.944
Tuvalu,TV,TUV,0.501,0.761,0.793,0.549,0.636,0.815,0.668,0.758,0.392,0.665,0.922,0.805,0.612,0.682,0.646,0.798,0.921,1.013,0.975,1.078,1.195,0.689,0.663
Uganda,UG,UGA,0.273,0.183,0.675,0.908,0.681,1.232,0.967,0.455,0.774,1.295,1.425,1.099,1.117,1.06,1.136,1.159,1.262,1.735,1.102,1.616,1.236,1.499,1.416
Ukraine,UA,UKR,1.439,1.809,1.553,-0.252,0.93,1.023,0.27,2.379,1.621,1.607,1.649,0.581,1.957,1.522,1.718,2.075,2.114,1.419,2.242,2.37,3.026,1.435,1.931
United Arab Emirates,AE,ARE,0.681,0.56,1.123,1.052,1.052,0.725,1.255,0.802,0.777,0.896,1.482,1.121,1.086,0.739,0.909,1.556,1.059,1.632,1.498,1.204,1.21,1.699,1.482
United Kingdom,GB,GBR,0.724,0.631,1.011,1.194,1.035,1.116,1.25,1.332,0.838,0.948,-0.05,0.851,0.576,0.364,1.718,0.614,1.161,1.424,0.998,1.231,1.373,0.929,1.911
United States,US,USA,1.0,0.786,0.951,0.99,0.863,1.153,1.026,1.143,0.212,0.398,0.695,0.537,1.448,0.614,0.501,1.531,2.224,1.433,1.276,1.034,1.324,1.144,1.217
U.S. Virgin Islands,VI,VIR,0.202,0.616,0.782,0.887,0.541,0.821,0.739,0.994,0.444,0.637,1.054,0.419,0.619,0.755,0.882,1.071,1.162,0.964,0.722,0.898,1.32,0.922,0.894
Uruguay,UY,URY,0.333,1.226,0.61,0.324,0.458,0.802,0.586,0.131,0.719,0.508,0.261,0.447,0.836,0.149,1.162,1.048,0.301,1.546,1.196,0.766,0.89,0.79,0.382
Uzbekistan,UZ,UZB,1.435,1.606,1.88,0.187,1.972,1.417,1.618,1.431,0.746,1.105,1.827,1.091,0.716,1.563,0.211,1.443,2.31,1.792,1.044,1.943,1.721,1.532,2.607
Vanuatu,VU,VUT,0.777,0.401,0.452,0.36,0.462,0.536,0.394,0.921,0.712,0.438,0.878,0.669,0.402,0.706,0.585,0.573,1.146,1.131,0.613,0.897,1.226,1.147,1.479
Venezuela,VE,VEN,0.298,0.626,0.864,0.912,0.676,0.933,0.674,0.76,0.518,0.816,1.227,0.601,0.513,0.941,0.865,1.094,1.098,0.726,0.843,1.235,1.35,0.734,0.533
Vietnam,VN,VNM,0.129,0.693,0.722,1.043,0.385,0.838,0.892,0.506,0.199,0.671,1.092,0.118,0.736,0.895,0.54,1.222,1.191,1.121,0.817,1.811,1.477,1.114,1.033
Wallis and Futuna,WF,WLF,0.425,0.689,0.827,0.518,0.64,0.82,0.607,0.882,0.331,0.361,0.93,0.73,0.701,0.773,0.686,0.724,1.267,1.062,0.92,1.379,1.274,1.029,0.951
Palestine,PS,PSE,0.249,0.855,0.728,0.559,0.554,0.196,0.587,0.519,0.722,0.831,2.326,0.581,1.043,1.114,0.863,1.326,1.615,0.735,2.007,1.204,1.455,1.787,1.074
Western Sahara,EH,ESH,0.874,1.296,1.249,1.387,1.55,1.21,1.406,0.903,1.351,0.938,1.898,1.579,1.344,1.423,1.401,1.51,1.732,2.204,0.942,1.477,2.069,1.593,1.97
Yemen,YE,YEM,0.537,0.728,0.84,0.844,0.729,0.839,0.835,0.921,0.692,0.892,1.106,0.763,0.808,0.897,0.986,1.215,1.446,1.282,1.125,1.412,1.477,1.327,1.315
Zambia,ZM,ZMB,-0.04,0.263,0.711,0.871,0.606,0.948,0.623,0.78,0.438,0.306,1.21,0.956,0.972,0.79,0.917,1.45,1.401,0.105,0.648,0.855,0.891,0.822,0.686
Zimbabwe,ZW,ZWE,-0.417,0.004,0.487,0.355,-0.004,0.945,-0.26,0.127,0.078,-0.226,0.935,0.232,0.334,0.118,0.025,0.97,1.27,0.088,0.453,0.925,0.389,-0.125,-0.49
